Date;Close
2010-08-16;0.053885959
2010-08-17;0.057588048
2010-08-18;0.055942675
2010-08-19;0.054873183
2010-08-20;0.053885959
2010-08-21;0.054626377
2010-08-22;0.054297302
2010-08-23;0.053392347
2010-08-24;0.053474616
2010-08-25;0.053310079
2010-08-26;0.05265193
2010-08-27;0.053474616
2010-08-28;0.052734198
2010-08-29;0.05265193
2010-08-30;0.053474616
2010-08-31;0.049361184
2010-09-01;0.051746975
2010-09-02;0.052158318
2010-09-03;0.050101602
2010-09-04;0.051335631
2010-09-05;0.050677482
2010-09-06;0.050677482
2010-09-07;0.05018387
2010-09-08;0.051006557
2010-09-09;0.050266139
2010-09-10;0.05084202
2010-09-11;0.052405124
2010-09-12;0.050595214
2010-09-13;0.051171094
2010-09-14;0.051006557
2010-09-15;0.049690259
2010-09-16;0.050924288
2010-09-17;0.048538498
2010-09-18;0.05018387
2010-09-19;0.051582437
2010-09-20;0.051088825
2010-09-21;0.051582437
2010-09-22;0.051171094
2010-09-23;0.051253363
2010-09-24;0.051171094
2010-09-25;0.051006557
2010-09-26;0.051006557
2010-09-27;0.051171094
2010-09-28;0.050924288
2010-09-29;0.050924288
2010-09-30;0.050924288
2010-10-01;0.051006557
2010-10-02;0.050512945
2010-10-03;0.050266139
2010-10-04;0.050430676
2010-10-05;0.050512945
2010-10-06;0.051664706
2010-10-07;0.055119989
2010-10-08;0.071491448
2010-10-09;0.077167984
2010-10-10;0.079389238
2010-10-11;0.078155208
2010-10-12;0.078072939
2010-10-13;0.086382072
2010-10-14;0.083914013
2010-10-15;0.086382072
2010-10-16;0.083091326
2010-10-17;0.083914013
2010-10-18;0.084243087
2010-10-19;0.079800581
2010-10-20;0.081445954
2010-10-21;0.088027445
2010-10-22;0.084325356
2010-10-23;0.086793415
2010-10-24;0.094608936
2010-10-25;0.108594605
2010-10-26;0.123649766
2010-10-27;0.154418237
2010-10-28;0.142407016
2010-10-29;0.156310416
2010-10-30;0.163632325
2010-10-31;0.158367132
2010-11-01;0.160835191
2010-11-02;0.159436624
2010-11-03;0.158860744
2010-11-04;0.189217872
2010-11-05;0.213898464
2010-11-06;0.320847696
2010-11-07;0.279713376
2010-11-08;0.199912795
2010-11-09;0.172764144
2010-11-10;0.197444736
2010-11-11;0.183541336
2010-11-12;0.220644493
2010-11-13;0.227061446
2010-11-14;0.229529506
2010-11-15;0.220644493
2010-11-16;0.183459067
2010-11-17;0.189135603
2010-11-18;0.220315418
2010-11-19;0.230352192
2010-11-20;0.232820251
2010-11-21;0.227719596
2010-11-22;0.236851415
2010-11-23;0.232820251
2010-11-24;0.232820251
2010-11-25;0.230352192
2010-11-26;0.233972012
2010-11-27;0.232820251
2010-11-28;0.222125328
2010-11-29;0.189135603
2010-11-30;0.171283309
2010-12-01;0.187161156
2010-12-02;0.209785032
2010-12-03;0.206576555
2010-12-04;0.168650712
2010-12-05;0.156310416
2010-12-06;0.167828026
2010-12-07;0.191685931
2010-12-08;0.196457512
2010-12-09;0.16453728
2010-12-10;0.167828026
2010-12-11;0.187572499
2010-12-12;0.180991008
2010-12-13;0.189135603
2010-12-14;0.202956735
2010-12-15;0.195799363
2010-12-16;0.2056716
2010-12-17;0.197444736
2010-12-18;0.198267422
2010-12-19;0.197527005
2010-12-20;0.219657269
2010-12-21;0.197444736
2010-12-22;0.2056716
2010-12-23;0.2056716
2010-12-24;0.204026227
2010-12-25;0.205589331
2010-12-26;0.218011896
2010-12-27;0.218011896
2010-12-28;0.231174878
2010-12-29;0.24680592
2010-12-30;0.24680592
2010-12-31;0.24680592
2011-01-01;0.24680592
2011-01-02;0.24680592
2011-01-03;0.242692488
2011-01-04;0.245983234
2011-01-05;0.245983234
2011-01-06;0.245160547
2011-01-07;0.263259648
2011-01-08;0.265645439
2011-01-09;0.265727707
2011-01-10;0.268689378
2011-01-11;0.268689378
2011-01-12;0.262272424
2011-01-13;0.261285201
2011-01-14;0.32907456
2011-01-15;0.31755695
2011-01-16;0.3182151
2011-01-17;0.287528897
2011-01-18;0.257500843
2011-01-19;0.257500843
2011-01-20;0.320847696
2011-01-21;0.345446019
2011-01-22;0.365519568
2011-01-23;0.363956463
2011-01-24;0.345446019
2011-01-25;0.337301424
2011-01-26;0.343060229
2011-01-27;0.346515512
2011-01-28;0.366918134
2011-01-29;0.36115933
2011-01-30;0.394807203
2011-01-31;0.427796928
2011-02-01;0.57588048
2011-02-02;0.589043463
2011-02-03;0.567653616
2011-02-04;0.667198671
2011-02-05;0.756871488
2011-02-06;0.740170954
2011-02-07;0.732190896
2011-02-08;0.755226115
2011-02-09;0.896728176
2011-02-10;0.806479478
2011-02-11;0.880274448
2011-02-12;0.888419044
2011-02-13;0.86382072
2011-02-14;0.880274448
2011-02-15;0.86382072
2011-02-16;0.859707288
2011-02-17;0.855593856
2011-02-18;0.739512805
2011-02-19;0.780729394
2011-02-20;0.69928344
2011-02-21;0.686531801
2011-02-22;0.715901705
2011-02-23;0.74041776
2011-02-24;0.820547416
2011-02-25;0.749549579
2011-02-26;0.788133571
2011-02-27;0.732190896
2011-02-28;0.707510304
2011-03-01;0.757036025
2011-03-02;0.773242948
2011-03-03;0.772584798
2011-03-04;0.741240447
2011-03-05;0.74889143
2011-03-06;0.740335492
2011-03-07;0.728077464
2011-03-08;0.715737168
2011-03-09;0.711212393
2011-03-10;0.767484143
2011-03-11;0.723964032
2011-03-12;0.755226115
2011-03-13;0.734247612
2011-03-14;0.73622206
2011-03-15;0.715737168
2011-03-16;0.707510304
2011-03-17;0.679045355
2011-03-18;0.671723446
2011-03-19;0.629355096
2011-03-20;0.609692891
2011-03-21;0.624418978
2011-03-22;0.665553298
2011-03-23;0.699036634
2011-03-24;0.71318684
2011-03-25;0.72709024
2011-03-26;0.703561409
2011-03-27;0.674602848
2011-03-28;0.657326434
2011-03-29;0.651978972
2011-03-30;0.64967545
2011-03-31;0.64547975
2011-04-01;0.636841542
2011-04-02;0.643340765
2011-04-03;0.640872706
2011-04-04;0.559426752
2011-04-05;0.584107344
2011-04-06;0.608787936
2011-04-07;0.620141008
2011-04-08;0.6170148
2011-04-09;0.600561072
2011-04-10;0.606237608
2011-04-11;0.633468528
2011-04-12;0.707510304
2011-04-13;0.758928204
2011-04-14;0.8226864
2011-04-15;0.814377268
2011-04-16;0.863738452
2011-04-17;0.915074083
2011-04-18;0.955961597
2011-04-19;0.985496039
2011-04-20;0.939590138
2011-04-21;0.995450544
2011-04-22;1.159165138
2011-04-23;1.398649149
2011-04-24;1.341061101
2011-04-25;1.282568098
2011-04-26;1.47663982
2011-04-27;1.56310416
2011-04-28;1.818630556
2011-04-29;2.369336832
2011-04-30;2.879402401
2011-05-01;2.49529012
2011-05-02;2.632596481
2011-05-03;2.805360625
2011-05-04;2.802152148
2011-05-05;2.742013772
2011-05-06;2.838268081
2011-05-07;2.995401183
2011-05-08;3.180423354
2011-05-09;3.126208321
2011-05-10;4.779807985
2011-05-11;4.524775201
2011-05-12;5.183088858
2011-05-13;6.744383109
2011-05-14;5.921449903
2011-05-15;5.748109878
2011-05-16;6.60938027
2011-05-17;5.915115217
2011-05-18;5.660082433
2011-05-19;5.598380953
2011-05-20;4.599146052
2011-05-21;5.034593963
2011-05-22;5.503854286
2011-05-23;5.882125493
2011-05-24;6.104333089
2011-05-25;6.910318956
2011-05-26;7.237994949
2011-05-27;6.992998939
2011-08-27;6.82837939
2011-08-28;7.461847918
2011-08-29;7.378674323
2011-08-30;7.23248295
2011-08-31;6.745617138
2011-09-01;6.754255345
2011-09-02;7.108010497
2011-09-03;6.976380673
2011-09-04;6.727929381
2011-09-05;6.261466192
2011-09-06;5.645932227
2011-09-07;5.912153546
2011-09-08;5.372142193
2011-09-09;4.138112593
2011-09-10;3.927422606
2011-09-11;4.824562125
2011-09-12;5.00028794
2011-09-13;4.771581121
2011-09-14;4.622921688
2011-09-15;3.981802177
2011-09-16;3.965348449
2011-09-17;3.924214129
2011-09-18;4.277969281
2011-09-19;4.491867745
2011-09-20;5.028177009
2011-09-21;4.616422466
2011-09-22;4.465377243
2011-09-23;4.561878358
2011-09-24;4.498696042
2011-09-25;4.384918513
2011-09-26;4.006235963
2011-09-27;4.043997269
2011-09-28;3.926270845
2011-09-29;3.931947381
2011-09-30;4.228690366
2011-10-01;4.14008704
2011-10-02;4.135644534
2011-10-03;4.133176474
2011-10-04;4.080524545
2011-10-05;4.006482769
2011-10-06;3.894926493
2011-10-07;3.515174451
2011-10-08;3.296915749
2011-10-09;3.375400031
2011-10-10;3.373014241
2011-10-11;3.233815702
2011-10-12;3.414148561
2011-10-13;3.328753712
2011-10-14;3.280791095
2011-10-15;3.160843418
2011-10-16;2.926295525
2011-10-17;2.106077184
2011-10-18;1.990078402
2011-10-19;1.867498128
2011-10-20;1.931667668
2011-10-21;2.114304048
2011-10-22;2.598701801
2011-10-23;2.607915889
2011-10-24;2.093736888
2011-10-25;2.278841328
2011-10-26;2.281309388
2011-10-27;2.500966657
2011-10-28;2.624369617
2011-10-29;2.946122268
2011-10-30;2.690184529
2011-10-31;2.672085428
2011-11-01;2.591462161
2011-11-02;2.677268352
2011-11-03;2.593107533
2011-11-04;2.557732018
2011-11-05;2.443378609
2011-11-06;2.43482267
2011-11-07;2.473653468
2011-11-08;2.496853225
2011-11-09;2.426924881
2011-11-10;2.336347108
2011-11-11;2.533874113
2011-11-12;2.493562479
2011-11-13;2.465508873
2011-11-14;1.826363808
2011-11-15;1.916036626
2011-11-16;2.106406259
2011-11-17;1.8510444
2011-11-18;1.68650712
2011-11-19;1.806537066
2011-11-20;1.80991008
2011-11-21;1.887242602
2011-11-22;1.915954357
2011-11-23;1.918586954
2011-11-24;2.000855594
2011-11-25;2.061734387
2011-11-26;2.032035408
2011-11-27;2.040180004
2011-11-28;2.09785032
2011-11-29;2.262552138
2011-11-30;2.443460877
2011-12-01;2.517420385
2011-12-02;2.562750405
2011-12-03;2.298585802
2011-12-04;2.326639408
2011-12-05;2.369172295
2011-12-06;2.492739793
2011-12-07;2.459832337
2011-12-08;2.451605473
2011-12-09;2.443378609
2011-12-10;2.509193521
2011-12-11;2.674635756
2011-12-12;2.579121865
2011-12-13;2.673648532
2011-12-14;2.591462161
2011-12-15;2.632596481
2011-12-16;2.632596481
2011-12-17;2.632678749
2011-12-18;2.626837676
2011-12-19;2.896020666
2011-12-20;3.249611281
2011-12-21;3.200250097
2011-12-22;3.200332365
2011-12-23;3.246978684
2011-12-24;3.241384417
2011-12-25;3.475850041
2011-12-26;3.305553956
2011-12-27;3.348333649
2011-12-28;3.443353928
2011-12-29;3.427311543
2011-12-30;3.494771828
2011-12-31;3.884725182
2012-01-01;4.33366515
2012-01-02;4.291790412
2012-01-03;4.015367782
2012-01-04;4.585489457
2012-01-05;5.715696034
2012-01-06;5.509448553
2012-01-07;5.602494385
2012-01-08;5.852261976
2012-01-09;5.204067362
2012-01-10;5.232285505
2012-01-11;5.676536161
2012-01-12;5.594267521
2012-01-13;5.273419825
2012-01-14;5.553133201
2012-01-15;5.760285637
2012-01-16;5.497601869
2012-01-17;4.607043841
2012-01-18;4.870303489
2012-01-19;5.232120968
2012-01-20;5.3390702
2012-01-21;5.084201953
2012-01-22;5.190904379
2012-01-23;5.228994759
2012-01-24;5.17453292
2012-01-25;4.730446801
2012-01-26;4.393145377
2012-01-27;4.35365643
2012-01-28;4.629009568
2012-01-29;4.426793251
2012-01-30;4.51695968
2012-01-31;4.511447681
2012-02-01;4.998313493
2012-02-02;5.018387041
2012-02-03;4.902635065
2012-02-04;4.831966303
2012-02-05;4.680098393
2012-02-06;4.486520283
2012-02-07;4.681085617
2012-02-08;4.607043841
2012-02-09;4.796261713
2012-02-10;4.86421561
2012-02-11;4.607455184
2012-02-12;4.536868691
2012-02-13;4.327330465
2012-02-14;3.671567135
2012-02-15;3.558200949
2012-02-16;3.516079406
2012-02-17;3.628047025
2012-02-18;3.473381982
2012-02-19;3.608878432
2012-02-20;3.588146734
2012-02-21;3.514516302
2012-02-22;3.640140515
2012-02-23;4.125772297
2012-02-24;4.137125369
2012-02-25;3.926682188
2012-02-26;4.049262462
2012-02-27;4.077233799
2012-02-28;4.004837396
2012-02-29;3.998255905
2012-03-01;4.048686581
2012-03-02;3.870739513
2012-03-03;3.796204125
2012-03-04;3.965348449
2012-03-05;4.100515824
2012-03-06;4.105287405
2012-03-07;4.062014101
2012-03-08;4.05600849
2012-03-09;3.99916086
2012-03-10;3.976207909
2012-03-11;4.039390225
2012-03-12;4.023018765
2012-03-13;4.335557329
2012-03-14;4.426052833
2012-03-15;4.382121379
2012-03-16;4.396353854
2012-03-17;4.291049995
2012-03-18;4.343290581
2012-03-19;3.861607694
2012-03-20;3.980074535
2012-03-21;3.961152748
2012-03-22;3.870163632
2012-03-23;3.855108471
2012-03-24;3.846881607
2012-03-25;3.743223121
2012-03-26;3.800070751
2012-03-27;3.958191077
2012-03-28;3.939022484
2012-03-29;3.955805287
2012-03-30;3.998255905
2012-03-31;4.038320733
2012-04-01;3.971107254
2012-04-02;4.092042154
2012-04-03;4.073943054
2012-04-04;4.039472493
2012-04-05;4.046794402
2012-04-06;4.072215412
2012-04-07;3.856095695
2012-04-08;3.942724573
2012-04-09;4.008045873
2012-04-10;3.979087312
2012-04-11;4.054116311
2012-04-12;4.047370283
2012-04-13;4.064070817
2012-04-14;4.080277739
2012-04-15;4.087846454
2012-04-16;4.057489326
2012-04-17;4.093605259
2012-04-18;4.210344459
2012-04-19;4.226715918
2012-04-20;4.401372241
2012-04-21;4.327412734
2012-04-22;4.280848683
2012-04-23;4.080524545
2012-04-24;4.194219805
2012-04-25;4.221862068
2012-04-26;4.193726194
2012-04-27;4.203516162
2012-04-28;4.096484661
2012-04-29;4.034783181
2012-04-30;4.071557263
2012-05-01;4.113432001
2012-05-02;4.174063989
2012-05-03;4.224001053
2012-05-04;4.16855199
2012-05-05;4.176778854
2012-05-06;4.154484052
2012-05-07;4.162793185
2012-05-08;4.154566321
2012-05-09;4.149383397
2012-05-10;3.990029041
2012-05-11;4.080524545
2012-05-12;4.069171473
2012-05-13;4.055843953
2012-05-14;4.118285851
2012-05-15;4.142226025
2012-05-16;4.186404285
2012-05-17;4.195536104
2012-05-18;4.210508996
2012-05-19;4.195289298
2012-05-20;4.187473777
2012-05-21;4.195536104
2012-05-22;4.194713417
2012-05-23;4.228361291
2012-05-24;4.211331682
2012-05-25;4.233132872
2012-05-26;4.198333237
2012-05-27;4.22778541
2012-05-28;4.225152814
2012-05-29;4.236834961
2012-05-30;4.224494665
2012-05-31;4.261597822
2012-06-01;4.339506224
2012-06-02;4.318280914
2012-06-03;4.282164982
2012-06-04;4.332266583
2012-06-05;4.475414017
2012-06-06;4.491867745
2012-06-07;4.599639663
2012-06-08;4.634192492
2012-06-09;4.574136385
2012-06-10;4.498696042
2012-06-11;4.586229875
2012-06-12;4.689312481
2012-06-13;4.877707667
2012-06-14;4.898357095
2012-06-15;5.347461601
2012-06-16;5.265192961
2012-06-17;5.070874433
2012-06-18;5.191151185
2012-06-19;5.346474377
2012-06-20;5.487318289
2012-06-21;5.495627422
2012-06-22;5.386786011
2012-06-23;5.288639524
2012-06-24;5.224058641
2012-06-25;5.186873216
2012-06-26;5.281235346
2012-06-27;5.468396502
2012-06-28;5.434584091
2012-06-29;5.470864561
2012-06-30;5.503772017
2012-07-01;5.453588147
2012-07-02;5.561360065
2012-07-03;5.306245012
2012-07-04;5.355770734
2012-07-05;5.487318289
2012-07-06;5.469301457
2012-07-07;5.563087707
2012-07-08;5.593444835
2012-07-09;5.776492559
2012-07-10;5.923259813
2012-07-11;5.882207761
2012-07-12;6.387666285
2012-07-13;6.305973526
2012-07-14;6.204783099
2012-07-15;6.269693056
2012-07-16;6.992505327
2012-07-17;7.239640322
2012-07-18;7.494508568
2012-07-19;7.29722837
2012-07-20;7.009288129
2012-07-21;7.277072553
2012-07-22;6.918463551
2012-07-23;6.94816253
2012-07-24;7.075103041
2012-07-25;7.239640322
2012-07-26;7.321908962
2012-07-27;7.321908962
2012-07-28;7.312118993
2012-07-29;7.165845351
2012-07-30;7.484800869
2012-07-31;7.692117842
2012-08-01;7.856901928
2012-08-02;8.662887794
2012-08-03;9.02486981
2012-08-04;9.036387419
2012-08-05;8.94260117
2012-08-06;8.930425411
2012-08-07;9.131819042
2012-08-08;9.09504496
2012-08-09;9.099816541
2012-08-10;9.367436427
2012-08-11;9.469285003
2012-08-12;9.562906716
2012-08-13;9.903087542
2012-08-14;10.02854722
2012-08-15;10.9005948
2012-08-16;11.1062664
2012-08-17;9.529670185
2012-08-18;9.551389106
2012-08-19;6.581491201
2012-08-20;8.309132642
2012-08-21;8.156935658
2012-08-22;8.067920989
2012-08-23;8.309132642
2012-08-24;8.720475842
2012-08-25;8.657869407
2012-08-26;8.728702706
2012-08-27;9.008416082
2012-08-28;9.000189218
2012-08-29;8.981185162
2012-08-30;8.866091335
2012-08-31;8.358493826
2012-09-01;8.198399052
2012-09-02;8.394774296
2012-09-03;8.662887794
2012-09-04;8.54335146
2012-09-05;9.049303596
2012-09-06;9.19845664
2012-09-07;9.049550402
2012-09-08;9.079989799
2012-09-09;9.06600413
2012-09-10;9.18940709
2012-09-11;9.321695063
2012-09-12;9.349748669
2012-09-13;9.377802276
2012-09-14;9.60075029
2012-09-15;9.666565202
2012-09-16;9.76528757
2012-09-17;9.781741298
2012-09-18;10.0779084
2012-09-19;10.34322477
2012-09-20;10.10464571
2012-09-21;10.1749854
2012-09-22;10.06787163
2012-09-23;10.03126208
2012-09-24;9.954505442
2012-09-25;10.03430602
2012-09-26;10.09436213
2012-09-27;10.12636463
2012-09-28;10.19390718
2012-09-29;10.17095423
2012-09-30;10.20131136
2012-10-01;10.20131136
2012-10-02;10.56329338
2012-10-03;10.6044277
2012-10-04;10.57152024
2012-10-05;10.43824505
2012-10-06;10.28769343
2012-10-07;9.707699522
2012-10-08;9.68968269
2012-10-09;9.78585473
2012-10-10;9.97095917
2012-10-11;9.896917394
2012-10-12;9.872236802
2012-10-13;9.757883392
2012-10-14;9.657433383
2012-10-15;9.739043874
2012-10-16;9.748751573
2012-10-17;9.715926386
2012-10-18;9.822711081
2012-10-19;9.658420607
2012-10-20;9.658256069
2012-10-21;9.568747789
2012-10-22;9.633740015
2012-10-23;9.584296562
2012-10-24;9.584296562
2012-10-25;8.935690604
2012-10-26;8.367214302
2012-10-27;8.441173809
2012-10-28;8.802744482
2012-10-29;8.720475842
2012-10-30;8.956998182
2012-10-31;9.214910368
2012-11-01;8.69579525
2012-11-02;8.612539386
2012-11-03;8.755440014
2012-11-04;8.88509539
2012-11-05;8.842233429
2012-11-06;8.966459075
2012-11-07;8.98373549
2012-11-08;8.987848922
2012-11-09;8.897353418
2012-11-10;8.959054898
2012-11-11;8.941531678
2012-11-12;9.056131893
2012-11-13;9.009403306
2012-11-14;9.008416082
2012-11-15;9.212195503
2012-11-16;9.665660247
2012-11-17;9.698567703
2012-11-18;9.585530592
2012-11-19;9.707617253
2012-11-20;9.652414996
2012-11-21;9.68301893
2012-11-22;10.21932819
2012-11-23;10.15606361
2012-11-24;10.21077226
2012-11-25;10.26885392
2012-11-26;10.07420631
2012-11-27;10.03677408
2012-11-28;10.15828486
2012-11-29;10.24244568
2012-11-30;10.33705462
2012-12-01;10.33458656
2012-12-02;10.28358
2012-12-03;10.43084087
2012-12-04;11.03222463
2012-12-05;11.00754403
2012-12-06;10.94090644
2012-12-07;11.10618413
2012-12-08;11.04053376
2012-12-09;11.01412553
2012-12-10;11.05147549
2012-12-11;11.15315953
2012-12-12;11.26989873
2012-12-13;11.27088595
2012-12-14;11.18853504
2012-12-15;11.09812181
2012-12-16;10.94172912
2012-12-17;10.90067707
2012-12-18;10.94090644
2012-12-19;11.18771236
2012-12-20;11.12650449
2012-12-21;11.1062664
2012-12-22;11.00046893
2012-12-23;10.95160136
2012-12-24;11.00754403
2012-12-25;10.98286344
2012-12-26;11.07985817
2012-12-27;11.04185006
2012-12-28;11.04143871
2012-12-29;11.02399776
2012-12-30;11.06513208
2012-12-31;11.11449327
2013-01-01;10.94510214
2013-01-02;10.92527539
2013-01-03;11.02227012
2013-01-04;11.1062664
2013-01-05;11.05690522
2013-01-06;11.06842283
2013-01-07;11.17833373
2013-01-08;11.30601466
2013-01-09;11.32839173
2013-01-10;11.6327857
2013-01-11;11.63031764
2013-01-12;11.71258628
2013-01-13;11.61304122
2013-01-14;11.76441552
2013-01-15;11.7232812
2013-01-16;12.11817067
2013-01-17;12.7516392
2013-01-18;12.92028991
2013-01-19;12.84624814
2013-01-20;12.91617648
2013-01-21;13.82113152
2013-01-22;14.20071903
2013-01-23;14.397012
2013-01-24;13.90010942
2013-01-25;14.31474336
2013-01-26;14.70963284
2013-01-27;14.65879082
2013-01-28;15.4015121
2013-01-29;16.06328104
2013-01-30;16.20692208
2013-01-31;16.79102943
2013-02-01;16.86424852
2013-02-02;16.14933404
2013-02-03;16.93911298
2013-02-04;16.80756542
2013-02-05;16.94733984
2013-02-06;17.42449796
2013-02-07;18.22250376
2013-02-08;18.64207383
2013-02-09;19.45653336
2013-02-10;19.71962847
2013-02-11;20.27921976
2013-02-12;20.70685216
2013-02-13;19.90901088
2013-02-14;22.39393516
2013-02-15;22.29480144
2013-02-16;22.39006853
2013-02-17;22.06000675
2013-02-18;22.17139848
2013-02-19;24.20145945
2013-02-20;24.38853833
2013-02-21;24.47302823
2013-02-22;24.88247925
2013-02-23;24.51605473
2013-02-24;24.5900965
2013-02-25;25.00966657
2013-02-26;25.58554705
2013-02-27;25.42199699
2013-02-28;27.46127204
2013-03-01;28.38268081
2013-03-02;28.17700921
2013-03-03;28.38268081
2013-03-04;29.74175874
2013-03-05;33.17894252
2013-03-06;33.7466784
2013-03-07;34.55282881
2013-03-08;36.34628516
2013-03-09;38.54285785
2013-03-10;37.84357441
2013-03-11;39.81802177
2013-03-12;36.43669839
2013-03-13;38.6004459
2013-03-14;38.80578842
2013-03-15;38.62512649
2013-03-16;38.66642535
2013-03-17;38.99533537
2013-03-18;42.45061825
2013-03-19;48.65367371
2013-03-20;53.05405872
2013-03-21;58.28733145
2013-03-22;57.47698535
2013-03-23;52.93986985
2013-03-24;58.82207761
2013-03-25;60.54971905
2013-03-26;64.58088241
2013-03-27;73.1532747
2013-03-28;70.89911397
2013-03-29;74.45311922
2013-03-30;75.84345923
2013-03-31;76.53451581
2013-04-01;85.55938562
2013-04-02;97.06054149
2013-04-03;111.062664
2013-04-04;108.6933272
2013-04-05;117.0876901
2013-04-06;117.3406662
2013-04-07;133.5228254
2013-04-08;154.2537
2013-04-09;189.217872
2013-04-10;135.743256
2013-04-11;102.7535314
2013-04-12;96.25430882
2013-04-13;76.50983522
2013-04-14;74.04177602
2013-04-15;67.77784176
2013-04-16;56.23530476
2013-04-17;76.56742326
2013-04-18;89.68104448
2013-04-19;97.47188469
2013-04-20;104.1648499
2013-04-21;98.0642189
2013-04-22;104.8102474
2013-04-23;118.0349313
2013-04-24;126.8582429
2013-04-25;116.5828898
2013-04-26;112.6257682
2013-04-27;105.3039415
2013-04-28;110.4127418
2013-04-29;118.9110923
2013-04-30;114.3534096
2013-05-01;96.24608196
2013-05-02;86.55483616
2013-05-03;80.41759562
2013-05-04;92.55222002
2013-05-05;95.35758064
2013-05-06;92.38768274
2013-05-07;91.72953362
2013-05-08;93.42920372
2013-05-09;92.69207671
2013-05-10;96.4188461
2013-05-11;94.80884881
2013-05-12;94.60893602
2013-05-13;97.06054149
2013-05-14;91.72953362
2013-05-15;93.96724063
2013-05-16;97.70223688
2013-05-17;101.2027675
2013-05-18;101.600125
2013-05-19;100.359514
2013-05-20;100.3677408
2013-05-21;101.0917049
2013-05-22;101.9217954
2013-05-23;104.2343669
2013-05-24;109.5818285
2013-05-25;108.5781511
2013-05-26;109.8121807
2013-05-27;106.739447
2013-05-28;106.1265456
2013-05-29;108.8414107
2013-05-30;105.9611857
2013-05-31;106.1265456
2013-06-01;106.3733515
2013-06-02;100.6079652
2013-06-03;100.5503772
2013-06-04;99.89058271
2013-06-05;100.0798006
2013-06-06;97.07699522
2013-06-07;91.72953362
2013-06-08;89.09693714
2013-06-09;82.26864002
2013-06-10;87.49269866
2013-06-11;89.59054898
2013-06-12;88.97353418
2013-06-13;85.55938562
2013-06-14;82.25128133
2013-06-15;82.25885005
2013-06-16;81.86552368
2013-06-17;83.6672069
2013-06-18;88.35651938
2013-06-19;89.05580282
2013-06-20;90.61890698
2013-06-21;90.08416082
2013-06-22;89.09693714
2013-06-23;88.52105666
2013-06-24;84.52033269
2013-06-25;85.5182513
2013-06-26;85.55938562
2013-06-27;83.45084037
2013-06-28;77.86660963
2013-06-29;78.1502719
2013-06-30;79.48302387
2013-07-01;72.43753754
2013-07-02;74.15201599
2013-07-03;63.78287661
2013-07-04;66.24748052
2013-07-05;56.29725305
2013-07-06;57.81617895
2013-07-07;61.34040295
2013-07-08;62.9486726
2013-07-09;63.09511077
2013-07-10;71.37627208
2013-07-11;73.20263589
2013-07-12;76.99925136
2013-07-13;80.73342493
2013-07-14;77.90124472
2013-07-15;80.95250631
2013-07-16;80.17144785
2013-07-17;81.03461042
2013-07-18;74.51893413
2013-07-19;75.8270055
2013-07-20;73.54001958
2013-07-21;74.66479643
2013-07-22;75.36630112
2013-07-23;78.61467837
2013-07-24;77.75209168
2013-07-25;79.71831218
2013-07-26;78.99451268
2013-07-27;77.42795324
2013-07-28;82.06790454
2013-07-29;83.2558637
2013-07-30;88.84190435
2013-07-31;87.27880019
2013-08-01;85.55938562
2013-08-02;85.9715515
2013-08-03;85.56349905
2013-08-04;86.50053886
2013-08-05;87.38574943
2013-08-06;87.82177322
2013-08-07;87.82177322
2013-08-08;84.73669922
2013-08-09;84.57216194
2013-08-10;84.73669922
2013-08-11;86.38207202
2013-08-12;87.72798697
2013-08-13;89.67281762
2013-08-14;92.60322658
2013-08-15;90.48727715
2013-08-16;89.6678815
2013-08-17;93.37490642
2013-08-18;93.37490642
2013-08-19;97.89968162
2013-08-20;99.71370513
2013-08-21;101.4372331
2013-08-22;99.66845738
2013-08-23;97.48916111
2013-08-24;98.75938891
2013-08-25;100.459059
2013-08-26;98.76843846
2013-08-27;104.0698296
2013-08-28;100.8778064
2013-08-29;100.6885885
2013-08-30;109.8204076
2013-08-31;111.3506043
2013-09-01;113.8104366
2013-09-02;111.7619475
2013-09-03;112.518819
2013-09-04;104.2672744
2013-09-05;104.0122416
2013-09-06;98.02308458
2013-09-07;102.1365166
2013-09-08;100.0880274
2013-09-09;104.5716683
2013-09-10;103.5844446
2013-09-11;111.2683356
2013-09-12;109.5242405
2013-09-13;111.0462103
2013-09-14;106.3075366
2013-09-15;107.253626
2013-09-16;108.3642526
2013-09-17;108.3148914
2013-09-18;108.158581
2013-09-19;106.6612918
2013-09-20;104.5140803
2013-09-21;104.834928
2013-09-22;106.225268
2013-09-23;103.6173521
2013-09-24;104.6868444
2013-09-25;105.4848502
2013-09-26;105.6164801
2013-09-27;110.0589866
2013-09-28;110.881673
2013-09-29;112.9877502
2013-09-30;109.4172912
2013-10-01;108.7426884
2013-10-02;93.89319885
2013-10-03;101.7087197
2013-10-04;106.1347725
2013-10-05;105.7563367
2013-10-06;106.1265456
2013-10-07;104.4318116
2013-10-08;103.6584864
2013-10-09;107.5168856
2013-10-10;107.434617
2013-10-11;107.6896498
2013-10-12;111.2189744
2013-10-13;113.6376725
2013-10-14;115.603893
2013-10-15;119.4869728
2013-10-16;117.2739463
2013-10-17;120.317886
2013-10-18;128.306171
2013-10-19;141.8475891
2013-10-20;143.6492723
2013-10-21;149.901689
2013-10-22;159.4037169
2013-10-23;175.7422688
2013-10-24;163.0811251
2013-10-25;153.587324
2013-10-26;145.8787525
2013-10-27;161.6085164
2013-10-28;163.3443848
2013-10-29;168.1488733
2013-10-30;164.5125994
2013-10-31;167.8280256
2013-11-01;169.621482
2013-11-02;169.6543894
2013-11-03;176.9187104
2013-11-04;188.4774543
2013-11-05;201.7556128
2013-11-06;215.95518
2013-11-07;243.8524759
2013-11-08;278.1584988
2013-11-09;278.9811852
2013-11-10;268.705832
2013-11-11;281.7207309
2013-11-12;296.4385906
2013-11-13;335.1377588
2013-11-14;345.6928254
2013-11-15;343.841781
2013-11-16;362.1630071
2013-11-17;404.8522044
2013-11-18;578.8092437
2013-11-19;480.9506964
2013-11-20;486.0678058
2013-11-21;594.3333361
2013-11-22;634.6531965
2013-11-23;656.3556638
2013-11-24;636.9649453
2013-11-25;657.4169292
2013-11-26;763.535248
2013-11-27;824.2988655
2013-11-28;848.9712307
2013-11-29;931.2563244
2013-11-30;929.1667009
2013-12-01;786.3647956
2013-12-02;858.3334019
2013-12-03;887.0862916
2013-12-04;947.0519033
2013-12-05;859.7977837
2013-12-06;682.3772346
2013-12-07;574.4243252
2013-12-08;654.7514253
2013-12-09;734.8152658
2013-12-10;813.2337334
2013-12-11;722.7135488
2013-12-12;718.4191258
2013-12-13;734.3134271
2013-12-14;717.8761528
2013-12-15;720.7720089
2013-12-16;580.7919179
2013-12-17;561.1708473
2013-12-18;430.0181814
2013-12-19;569.2660815
2013-12-20;514.4422598
2013-12-21;498.2682451
2013-12-22;507.7455925
2013-12-23;554.0052487
2013-12-24;547.5636142
2013-12-25;561.2448891
2013-12-26;626.8705832
2013-12-27;604.7320922
2013-12-28;598.7758426
2013-12-29;612.9425024
2013-12-30;622.0578678
2013-12-31;620.3137726
2014-01-01;634.62
2014-01-02;660.12
2014-01-03;673.55
2014-01-04;707.11
2014-01-05;768.00
2014-01-06;784.26
2014-01-07;659.79
2014-01-08;693.29
2014-01-09;696.70
2014-01-10;714.49
2014-01-11;751.89
2014-01-12;710.16
2014-01-13;692.04
2014-01-14;685.52
2014-01-15;708.25
2014-01-16;687.46
2014-01-17;670.19
2014-01-18;691.06
2014-01-19;716.53
2014-01-20;715.90
2014-01-21;710.73
2014-01-22;695.66
2014-01-23;676.28
2014-01-24;655.74
2014-01-25;702.25
2014-01-26;728.31
2014-01-27;634.61
2014-01-28;668.44
2014-01-29;679.54
2014-01-30;673.80
2014-01-31;682.76
2014-02-01;684.95
2014-02-02;679.02
2014-02-03;677.75
2014-02-04;681.15
2014-02-05;667.95
2014-02-06;642.97
2014-02-07;586.08
2014-02-08;554.42
2014-02-09;561.81
2014-02-10;560.27
2014-02-11;552.99
2014-02-12;536.16
2014-02-13;497.92
2014-02-14;544.61
2014-02-15;535.50
2014-02-16;507.29
2014-02-17;515.22
2014-02-18;515.50
2014-02-19;512.56
2014-02-20;457.53
2014-02-21;472.35
2014-02-22;498.07
2014-02-23;498.40
2014-02-24;449.45
2014-02-25;443.19
2014-02-26;479.37
2014-02-27;476.15
2014-02-28;451.87
2014-03-01;465.32
2014-03-02;460.53
2014-03-03;549.36
2014-03-04;548.55
2014-03-05;547.51
2014-03-06;546.15
2014-03-07;517.59
2014-03-08;507.97
2014-03-09;524.02
2014-03-10;516.47
2014-03-11;521.67
2014-03-12;520.02
2014-03-13;524.99
2014-03-14;517.31
2014-03-15;523.33
2014-03-16;519.21
2014-03-17;512.02
2014-03-18;505.81
2014-03-19;501.75
2014-03-20;484.37
2014-03-21;470.16
2014-03-22;464.85
2014-03-23;461.75
2014-03-24;479.97
2014-03-25;480.38
2014-03-26;477.84
2014-03-27;387.68
2014-03-28;407.78
2014-03-29;404.08
2014-03-30;378.66
2014-03-31;375.97
2014-04-01;393.55
2014-04-02;359.63
2014-04-03;365.86
2014-04-04;368.17
2014-04-05;380.00
2014-04-06;378.85
2014-04-07;369.73
2014-04-08;372.75
2014-04-09;364.22
2014-04-10;300.43
2014-04-11;346.31
2014-04-12;346.45
2014-04-13;340.64
2014-04-14;377.44
2014-04-15;424.17
2014-04-16;433.88
2014-04-17;408.02
2014-04-18;394.60
2014-04-19;412.63
2014-04-20;409.84
2014-04-21;407.87
2014-04-22;401.41
2014-04-23;404.19
2014-04-24;411.73
2014-04-25;379.63
2014-04-26;377.28
2014-04-27;359.01
2014-04-28;362.22
2014-04-29;367.91
2014-04-30;368.27
2014-05-01;376.59
2014-05-02;369.70
2014-05-03;360.14
2014-05-04;359.02
2014-05-05;356.62
2014-05-06;352.90
2014-05-07;361.01
2014-05-08;362.12
2014-05-09;369.77
2014-05-10;373.86
2014-05-11;361.07
2014-05-12;363.18
2014-05-13;362.53
2014-05-14;365.25
2014-05-15;367.95
2014-05-16;368.61
2014-05-17;369.31
2014-05-18;367.14
2014-05-19;367.07
2014-05-20;399.60
2014-05-21;404.57
2014-05-22;431.56
2014-05-23;427.98
2014-05-24;432.02
2014-05-25;470.24
2014-05-26;479.97
2014-05-27;469.95
2014-05-28;474.74
2014-05-29;467.43
2014-05-30;506.22
2014-05-31;513.09
2014-06-01;518.48
2014-06-02;543.48
2014-06-03;549.23
2014-06-04;527.85
2014-06-05;542.36
2014-06-06;537.79
2014-06-07;538.83
2014-06-08;539.80
2014-06-09;534.05
2014-06-10;537.34
2014-06-11;520.78
2014-06-12;482.88
2014-06-13;493.75
2014-06-14;474.98
2014-06-15;487.80
2014-06-16;487.19
2014-06-17;502.55
2014-06-18;500.16
2014-06-19;492.02
2014-06-20;488.80
2014-06-21;489.49
2014-06-22;495.48
2014-06-23;488.66
2014-06-24;479.10
2014-06-25;465.92
2014-06-26;478.09
2014-06-27;491.36
2014-06-28;490.77
2014-06-29;495.85
2014-06-30;526.35
2014-07-01;527.18
2014-07-02;535.47
2014-07-03;530.76
2014-07-04;518.86
2014-07-05;519.49
2014-07-06;523.07
2014-07-07;513.43
2014-07-08;514.03
2014-07-09;513.79
2014-07-10;507.46
2014-07-11;520.01
2014-07-12;521.81
2014-07-13;515.43
2014-07-14;509.96
2014-07-15;511.76
2014-07-16;507.54
2014-07-17;512.52
2014-07-18;517.64
2014-07-19;517.16
2014-07-20;513.35
2014-07-21;511.74
2014-07-22;511.23
2014-07-23;509.52
2014-07-24;494.63
2014-07-25;494.94
2014-07-26;490.31
2014-07-27;488.94
2014-07-28;481.90
2014-07-29;481.01
2014-07-30;466.34
2014-07-31;482.29
2014-08-01;489.42
2014-08-02;484.90
2014-08-03;481.79
2014-08-04;484.33
2014-08-05;481.41
2014-08-06;480.97
2014-08-07;484.39
2014-08-08;487.54
2014-08-09;484.78
2014-08-10;486.22
2014-08-11;474.36
2014-08-12;468.60
2014-08-13;449.25
2014-08-14;416.26
2014-08-15;409.08
2014-08-16;427.95
2014-08-17;405.28
2014-08-18;379.61
2014-08-19;397.75
2014-08-20;422.22
2014-08-21;425.45
2014-08-22;423.42
2014-08-23;410.04
2014-08-24;417.98
2014-08-25;413.52
2014-08-26;420.94
2014-08-27;420.33
2014-08-28;417.40
2014-08-29;418.40
2014-08-30;414.96
2014-08-31;392.69
2014-09-01;391.37
2014-09-02;392.84
2014-09-03;392.87
2014-09-04;403.21
2014-09-05;397.45
2014-09-06;399.02
2014-09-07;397.06
2014-09-08;390.60
2014-09-09;391.19
2014-09-10;393.90
2014-09-11;394.60
2014-09-12;392.91
2014-09-13;393.97
2014-09-14;393.03
2014-09-15;391.13
2014-09-16;383.33
2014-09-17;376.28
2014-09-18;349.01
2014-09-19;324.72
2014-09-20;336.94
2014-09-21;327.96
2014-09-22;330.87
2014-09-23;358.66
2014-09-24;347.83
2014-09-25;338.69
2014-09-26;332.32
2014-09-27;328.42
2014-09-28;310.20
2014-09-29;309.05
2014-09-30;318.49
2014-10-01;315.59
2014-10-02;308.57
2014-10-03;296.17
2014-10-04;270.57
2014-10-05;264.72
2014-10-06;270.98
2014-10-07;277.01
2014-10-08;290.78
2014-10-09;299.88
2014-10-10;296.64
2014-10-11;298.67
2014-10-12;311.94
2014-10-13;321.01
2014-10-14;330.19
2014-10-15;324.74
2014-10-16;314.95
2014-10-17;315.75
2014-10-18;322.13
2014-10-19;321.29
2014-10-20;314.66
2014-10-21;317.68
2014-10-22;315.25
2014-10-23;295.39
2014-10-24;294.91
2014-10-25;285.19
2014-10-26;291.79
2014-10-27;290.55
2014-10-28;294.02
2014-10-29;276.16
2014-10-30;283.73
2014-10-31;278.56
2014-11-01;267.18
2014-11-02;268.19
2014-11-03;269.43
2014-11-04;272.08
2014-11-05;279.46
2014-11-06;287.52
2014-11-07;281.75
2014-11-08;284.39
2014-11-09;298.65
2014-11-10;300.82
2014-11-11;302.57
2014-11-12;346.67
2014-11-13;344.18
2014-11-14;327.06
2014-11-15;310.51
2014-11-16;319.46
2014-11-17;318.97
2014-11-18;308.51
2014-11-19;313.15
2014-11-20;294.36
2014-11-21;289.03
2014-11-22;290.63
2014-11-23;302.72
2014-11-24;309.85
2014-11-25;308.51
2014-11-26;301.98
2014-11-27;304.01
2014-11-28;310.16
2014-11-29;308.95
2014-11-30;311.17
2014-12-01;312.10
2014-12-02;314.03
2014-12-03;308.69
2014-12-04;303.63
2014-12-05;309.84
2014-12-06;308.33
2014-12-07;308.64
2014-12-08;297.72
2014-12-09;289.24
2014-12-10;285.75
2014-12-11;288.36
2014-12-12;290.03
2014-12-13;285.93
2014-12-14;289.35
2014-12-15;283.97
2014-12-16;270.29
2014-12-17;262.69
2014-12-18;256.37
2014-12-19;261.35
2014-12-20;270.96
2014-12-21;264.00
2014-12-22;273.05
2014-12-23;275.35
2014-12-24;265.54
2014-12-25;262.44
2014-12-26;270.27
2014-12-27;259.67
2014-12-28;261.21
2014-12-29;256.93
2014-12-30;255.53
2014-12-31;263.25
2015-01-01;258.44
2015-01-02;259.32
2015-01-03;233.84
2015-01-04;217.35
2015-01-05;225.89
2015-01-06;235.15
2015-01-07;241.79
2015-01-08;233.23
2015-01-09;238.91
2015-01-10;225.99
2015-01-11;220.38
2015-01-12;220.43
2015-01-13;183.44
2015-01-14;147.09
2015-01-15;173.16
2015-01-16;170.98
2015-01-17;163.94
2015-01-18;173.25
2015-01-19;176.68
2015-01-20;173.80
2015-01-21;186.65
2015-01-22;191.55
2015-01-23;191.61
2015-01-24;203.91
2015-01-25;208.53
2015-01-26;224.91
2015-01-27;217.12
2015-01-28;192.22
2015-01-29;192.11
2015-01-30;185.79
2015-01-31;179.18
2015-02-01;186.75
2015-02-02;196.19
2015-02-03;186.86
2015-02-04;186.05
2015-02-05;178.50
2015-02-06;182.83
2015-02-07;187.34
2015-02-08;183.71
2015-02-09;180.86
2015-02-10;181.03
2015-02-11;180.17
2015-02-12;182.31
2015-02-13;193.73
2015-02-14;212.04
2015-02-15;192.27
2015-02-16;192.27
2015-02-17;200.28
2015-02-18;194.33
2015-02-19;198.02
2015-02-20;200.80
2015-02-21;201.04
2015-02-22;194.27
2015-02-23;196.38
2015-02-24;196.45
2015-02-25;195.29
2015-02-26;194.61
2015-02-27;208.82
2015-02-28;209.19
2015-03-01;214.20
2015-03-02;226.73
2015-03-03;231.75
2015-03-04;224.97
2015-03-05;227.04
2015-03-06;224.26
2015-03-07;227.21
2015-03-08;225.73
2015-03-09;238.46
2015-03-10;239.97
2015-03-11;243.90
2015-03-12;242.47
2015-03-13;235.72
2015-03-14;232.20
2015-03-15;234.96
2015-03-16;239.01
2015-03-17;234.85
2015-03-18;211.14
2015-03-19;214.51
2015-03-20;215.40
2015-03-21;213.91
2015-03-22;220.45
2015-03-23;219.40
2015-03-24;201.60
2015-03-25;202.45
2015-03-26;204.42
2015-03-27;203.26
2015-03-28;208.05
2015-03-29;199.61
2015-03-30;203.74
2015-03-31;200.85
2015-04-01;203.44
2015-04-02;208.16
2015-04-03;209.23
2015-04-04;208.82
2015-04-05;214.27
2015-04-06;210.22
2015-04-07;208.51
2015-04-08;201.63
2015-04-09;200.52
2015-04-10;194.06
2015-04-11;194.68
2015-04-12;194.21
2015-04-13;184.95
2015-04-14;180.30
2015-04-15;184.00
2015-04-16;188.08
2015-04-17;183.42
2015-04-18;183.80
2015-04-19;183.13
2015-04-20;184.81
2015-04-21;192.89
2015-04-22;192.41
2015-04-23;194.54
2015-04-24;190.22
2015-04-25;186.32
2015-04-26;180.49
2015-04-27;188.58
2015-04-28;185.72
2015-04-29;185.93
2015-04-30;194.15
2015-05-01;190.99
2015-05-02;193.35
2015-05-03;197.75
2015-05-04;196.63
2015-05-05;194.25
2015-05-06;188.76
2015-05-07;195.09
2015-05-08;200.69
2015-05-09;199.11
2015-05-10;197.85
2015-05-11;199.05
2015-05-12;198.67
2015-05-13;194.59
2015-05-14;194.88
2015-05-15;195.46
2015-05-16;194.31
2015-05-17;194.81
2015-05-18;191.67
2015-05-19;190.81
2015-05-20;192.47
2015-05-21;193.62
2015-05-22;197.83
2015-05-23;196.55
2015-05-24;198.23
2015-05-25;195.06
2015-05-26;195.18
2015-05-27;195.20
2015-05-28;195.30
2015-05-29;195.07
2015-05-30;192.09
2015-05-31;189.19
2015-06-01;183.40
2015-06-02;185.78
2015-06-03;185.76
2015-06-04;184.51
2015-06-05;185.08
2015-06-06;185.61
2015-06-07;183.78
2015-06-08;188.01
2015-06-09;188.48
2015-06-10;188.26
2015-06-11;188.96
2015-06-12;189.26
2015-06-13;191.11
2015-06-14;192.14
2015-06-15;194.86
2015-06-16;206.03
2015-06-17;204.78
2015-06-18;204.74
2015-06-19;201.16
2015-06-20;201.75
2015-06-21;200.69
2015-06-22;203.20
2015-06-23;201.02
2015-06-24;197.88
2015-06-25;199.66
2015-06-26;200.41
2015-06-27;206.56
2015-06-28;204.84
2015-06-29;211.45
2015-06-30;216.45
2015-07-01;212.79
2015-07-02;210.20
2015-07-03;210.78
2015-07-04;214.70
2015-07-05;223.62
2015-07-06;221.34
2015-07-07;219.40
2015-07-08;222.62
2015-07-09;221.68
2015-07-10;234.56
2015-07-11;241.18
2015-07-12;255.88
2015-07-13;240.48
2015-07-14;236.74
2015-07-15;235.36
2015-07-16;228.78
2015-07-17;229.98
2015-07-18;226.01
2015-07-19;224.98
2015-07-20;229.04
2015-07-21;227.25
2015-07-22;228.10
2015-07-23;227.11
2015-07-24;237.27
2015-07-25;237.56
2015-07-26;240.74
2015-07-27;241.58
2015-07-28;242.21
2015-07-29;238.24
2015-07-30;236.82
2015-07-31;234.06
2015-08-01;232.01
2015-08-02;232.51
2015-08-03;231.69
2015-08-04;234.71
2015-08-05;231.89
2015-08-06;229.25
2015-08-07;229.86
2015-08-08;214.53
2015-08-09;218.03
2015-08-10;217.52
2015-08-11;222.36
2015-08-12;219.13
2015-08-13;217.17
2015-08-14;218.65
2015-08-15;215.13
2015-08-16;212.68
2015-08-17;212.21
2015-08-18;175.36
2015-08-19;186.52
2015-08-20;193.67
2015-08-21;191.49
2015-08-22;189.62
2015-08-23;187.89
2015-08-24;173.91
2015-08-25;182.37
2015-08-26;185.78
2015-08-27;184.74
2015-08-28;190.43
2015-08-29;189.05
2015-08-30;187.97
2015-08-31;189.37
2015-09-01;187.61
2015-09-02;188.58
2015-09-03;186.80
2015-09-04;189.54
2015-09-05;193.37
2015-09-06;197.40
2015-09-07;197.52
2015-09-08;200.42
2015-09-09;195.89
2015-09-10;196.29
2015-09-11;197.58
2015-09-12;193.48
2015-09-13;189.88
2015-09-14;189.76
2015-09-15;189.53
2015-09-16;188.45
2015-09-17;189.06
2015-09-18;191.71
2015-09-19;190.44
2015-09-20;190.16
2015-09-21;186.66
2015-09-22;189.70
2015-09-23;189.46
2015-09-24;192.95
2015-09-25;193.50
2015-09-26;192.82
2015-09-27;191.48
2015-09-28;196.76
2015-09-29;194.61
2015-09-30;194.22
2015-10-01;195.43
2015-10-02;195.24
2015-10-03;196.45
2015-10-04;195.96
2015-10-05;197.64
2015-10-06;202.42
2015-10-07;199.81
2015-10-08;199.42
2015-10-09;200.70
2015-10-10;201.46
2015-10-11;203.31
2015-10-12;201.82
2015-10-13;205.12
2015-10-14;207.38
2015-10-15;209.28
2015-10-16;216.04
2015-10-17;223.02
2015-10-18;215.29
2015-10-19;216.75
2015-10-20;221.68
2015-10-21;219.10
2015-10-22;225.31
2015-10-23;227.49
2015-10-24;231.76
2015-10-25;232.92
2015-10-26;234.70
2015-10-27;241.66
2015-10-28;250.80
2015-10-29;258.17
2015-10-30;269.86
2015-10-31;258.35
2015-11-01;267.98
2015-11-02;296.68
2015-11-03;330.02
2015-11-04;336.39
2015-11-05;318.90
2015-11-06;307.57
2015-11-07;318.32
2015-11-08;306.30
2015-11-09;313.72
2015-11-10;276.94
2015-11-11;255.85
2015-11-12;278.77
2015-11-13;276.63
2015-11-14;273.78
2015-11-15;263.45
2015-11-16;272.07
2015-11-17;275.63
2015-11-18;275.05
2015-11-19;268.24
2015-11-20;265.04
2015-11-21;268.73
2015-11-22;266.73
2015-11-23;265.73
2015-11-24;263.29
2015-11-25;270.16
2015-11-26;292.17
2015-11-27;294.87
2015-11-28;293.63
2015-11-29;305.56
2015-11-30;310.42
2015-12-01;298.13
2015-12-02;295.21
2015-12-03;297.09
2015-12-04;298.70
2015-12-05;319.92
2015-12-06;322.20
2015-12-07;325.52
2015-12-08;339.86
2015-12-09;343.27
2015-12-10;341.92
2015-12-11;370.77
2015-12-12;358.57
2015-12-13;357.37
2015-12-14;365.57
2015-12-15;381.81
2015-12-16;374.14
2015-12-17;375.41
2015-12-18;381.45
2015-12-19;380.19
2015-12-20;363.93
2015-12-21;360.79
2015-12-22;359.75
2015-12-23;363.72
2015-12-24;374.41
2015-12-25;374.75
2015-12-26;343.78
2015-12-27;347.36
2015-12-28;347.46
2015-12-29;355.68
2015-12-30;350.77
2015-12-31;354.20
2016-01-01;357.02
2016-01-02;356.48
2016-01-03;353.66
2016-01-04;356.32
2016-01-05;355.36
2016-01-06;353.95
2016-01-07;377.33
2016-01-08;372.97
2016-01-09;368.23
2016-01-10;368.32
2016-01-11;368.94
2016-01-12;361.59
2016-01-13;355.70
2016-01-14;354.05
2016-01-15;300.83
2016-01-16;318.96
2016-01-17;314.90
2016-01-18;318.34
2016-01-19;313.19
2016-01-20;346.99
2016-01-21;336.44
2016-01-22;314.39
2016-01-23;319.00
2016-01-24;331.71
2016-01-25;322.39
2016-01-26;322.83
2016-01-27;325.05
2016-01-28;312.88
2016-01-29;312.53
2016-01-30;311.12
2016-01-31;303.29
2016-02-01;306.81
2016-02-02;308.05
2016-02-03;304.38
2016-02-04;320.51
2016-02-05;317.71
2016-02-06;309.72
2016-02-07;309.80
2016-02-08;307.19
2016-02-09;309.39
2016-02-10;313.95
2016-02-11;312.28
2016-02-12;316.05
2016-02-13;321.52
2016-02-14;334.96
2016-02-15;329.37
2016-02-16;335.26
2016-02-17;342.49
2016-02-18;347.41
2016-02-19;346.18
2016-02-20;360.61
2016-02-21;360.89
2016-02-22;359.61
2016-02-23;345.94
2016-02-24;349.73
2016-02-25;349.30
2016-02-26;354.59
2016-02-27;355.89
2016-02-28;356.68
2016-02-29;360.46
2016-03-01;357.95
2016-03-02;349.29
2016-03-03;346.78
2016-03-04;338.39
2016-03-05;329.77
2016-03-06;335.33
2016-03-07;340.99
2016-03-08;340.63
2016-03-09;341.25
2016-03-10;343.16
2016-03-11;346.82
2016-03-12;338.78
2016-03-13;340.67
2016-03-14;342.55
2016-03-15;342.82
2016-03-16;343.12
2016-03-17;346.07
2016-03-18;337.00
2016-03-19;337.73
2016-03-20;340.60
2016-03-21;340.02
2016-03-22;343.90
2016-03-23;343.89
2016-03-24;342.56
2016-03-25;343.24
2016-03-26;343.83
2016-03-27;351.14
2016-03-28;348.90
2016-03-29;342.62
2016-03-30;341.31
2016-03-31;342.88
2016-04-01;343.74
2016-04-02;346.21
2016-04-03;346.24
2016-04-04;346.75
2016-04-05;348.81
2016-04-06;348.21
2016-04-07;347.71
2016-04-08;345.73
2016-04-09;344.99
2016-04-10;346.77
2016-04-11;347.48
2016-04-12;349.92
2016-04-13;348.62
2016-04-14;348.95
2016-04-15;353.55
2016-04-16;354.10
2016-04-17;351.51
2016-04-18;352.54
2016-04-19;358.32
2016-04-20;363.11
2016-04-21;369.64
2016-04-22;366.65
2016-04-23;370.33
2016-04-24;377.34
2016-04-25;380.33
2016-04-26;383.52
2016-04-27;365.38
2016-04-28;369.43
2016-04-29;374.51
2016-04-30;368.75
2016-05-01;371.59
2016-05-02;365.77
2016-05-03;370.47
2016-05-04;367.51
2016-05-05;368.55
2016-05-06;378.22
2016-05-07;377.14
2016-05-08;377.28
2016-05-09;378.81
2016-05-10;370.74
2016-05-11;372.40
2016-05-12;374.10
2016-05-13;374.88
2016-05-14;374.87
2016-05-15;376.51
2016-05-16;373.75
2016-05-17;373.35
2016-05-18;374.07
2016-05-19;361.68
2016-05-20;363.99
2016-05-21;364.64
2016-05-22;361.52
2016-05-23;365.50
2016-05-24;366.95
2016-05-25;369.83
2016-05-26;372.99
2016-05-27;389.73
2016-05-28;436.54
2016-05-29;432.39
2016-05-30;439.89
2016-05-31;437.20
2016-06-01;442.49
2016-06-02;442.62
2016-06-03;468.19
2016-06-04;471.55
2016-06-05;473.08
2016-06-06;481.67
2016-06-07;474.31
2016-06-08;478.64
2016-06-09;472.76
2016-06-10;475.16
2016-06-11;499.47
2016-06-12;553.08
2016-06-13;579.41
2016-06-14;564.22
2016-06-15;570.99
2016-06-16;630.30
2016-06-17;616.48
2016-06-18;622.35
2016-06-19;628.02
2016-06-20;606.58
2016-06-21;547.83
2016-06-22;483.92
2016-06-23;513.24
2016-06-24;548.69
2016-06-25;547.37
2016-06-26;518.34
2016-06-27;534.03
2016-06-28;532.37
2016-06-29;526.31
2016-06-30;554.52
2016-07-01;556.11
2016-07-02;578.59
2016-07-03;540.79
2016-07-04;562.18
2016-07-05;551.65
2016-07-06;556.99
2016-07-07;526.25
2016-07-08;548.49
2016-07-09;535.50
2016-07-10;534.52
2016-07-11;532.84
2016-07-12;546.71
2016-07-13;539.41
2016-07-14;541.15
2016-07-15;546.14
2016-07-16;544.79
2016-07-17;558.47
2016-07-18;553.99
2016-07-19;553.60
2016-07-20;547.76
2016-07-21;547.18
2016-07-22;535.17
2016-07-23;539.36
2016-07-24;543.97
2016-07-25;538.00
2016-07-26;536.49
2016-07-27;538.29
2016-07-28;538.95
2016-07-29;540.45
2016-07-30;538.91
2016-07-31;514.21
2016-08-01;498.52
2016-08-02;447.49
2016-08-03;465.99
2016-08-04;475.74
2016-08-05;473.24
2016-08-06;483.55
2016-08-07;487.55
2016-08-08;486.19
2016-08-09;483.76
2016-08-10;486.90
2016-08-11;484.86
2016-08-12;483.44
2016-08-13;481.72
2016-08-14;469.25
2016-08-15;466.56
2016-08-16;474.98
2016-08-17;471.70
2016-08-18;472.37
2016-08-19;473.63
2016-08-20;478.57
2016-08-21;478.32
2016-08-22;482.78
2016-08-23;480.10
2016-08-24;477.26
2016-08-25;475.37
2016-08-26;476.82
2016-08-27;469.07
2016-08-28;472.14
2016-08-29;472.29
2016-08-30;475.00
2016-08-31;473.32
2016-09-01;470.81
2016-09-02;473.49
2016-09-03;491.90
2016-09-04;500.59
2016-09-05;498.99
2016-09-06;502.16
2016-09-07;505.58
2016-09-08;515.36
2016-09-09;512.47
2016-09-10;513.00
2016-09-11;498.98
2016-09-12;500.23
2016-09-13;501.08
2016-09-14;502.46
2016-09-15;499.58
2016-09-16;499.34
2016-09-17;498.66
2016-09-18;501.76
2016-09-19;501.19
2016-09-20;501.09
2016-09-21;491.21
2016-09-22;490.53
2016-09-23;495.97
2016-09-24;495.73
2016-09-25;494.32
2016-09-26;500.31
2016-09-27;498.66
2016-09-28;497.56
2016-09-29;498.22
2016-09-30;501.57
2016-10-01;505.10
2016-10-02;502.61
2016-10-03;503.54
2016-10-04;501.97
2016-10-05;503.93
2016-10-06;504.33
2016-10-07;507.60
2016-10-08;509.30
2016-10-09;507.27
2016-10-10;509.07
2016-10-11;527.76
2016-10-12;523.41
2016-10-13;523.79
2016-10-14;526.78
2016-10-15;525.26
2016-10-16;527.67
2016-10-17;525.86
2016-10-18;524.82
2016-10-19;518.74
2016-10-20;519.10
2016-10-21;520.67
2016-10-22;540.35
2016-10-23;540.42
2016-10-24;537.99
2016-10-25;540.70
2016-10-26;558.18
2016-10-27;565.96
2016-10-28;567.27
2016-10-29;587.96
2016-10-30;577.41
2016-10-31;576.72
2016-11-01;600.23
2016-11-02;608.11
2016-11-03;566.31
2016-11-04;578.64
2016-11-05;578.72
2016-11-06;585.55
2016-11-07;578.25
2016-11-08;584.17
2016-11-09;594.93
2016-11-10;588.60
2016-11-11;589.39
2016-11-12;580.05
2016-11-13;577.60
2016-11-14;579.66
2016-11-15;585.44
2016-11-16;612.28
2016-11-17;609.90
2016-11-18;618.48
2016-11-19;618.23
2016-11-20;601.38
2016-11-21;608.44
2016-11-22;618.13
2016-11-23;612.56
2016-11-24;609.16
2016-11-25;610.12
2016-11-26;605.18
2016-11-27;602.19
2016-11-28;605.31
2016-11-29;605.25
2016-11-30;613.49
2016-12-01;622.39
2016-12-02;639.81
2016-12-03;634.38
2016-12-04;636.36
2016-12-05;624.15
2016-12-06;628.72
2016-12-07;631.95
2016-12-08;634.26
2016-12-09;635.62
2016-12-10;637.30
2016-12-11;633.05
2016-12-12;641.84
2016-12-13;643.00
2016-12-14;642.68
2016-12-15;640.29
2016-12-16;645.73
2016-12-17;650.59
2016-12-18;650.13
2016-12-19;652.25
2016-12-20;659.13
2016-12-21;684.53
2016-12-22;711.51
2016-12-23;758.08
2016-12-24;739.20
2016-12-25;737.61
2016-12-26;746.21
2016-12-27;767.28
2016-12-28;802.76
2016-12-29;800.96
2016-12-30;790.69
2016-12-31;792.74
2017-01-01;820.86
2017-01-02;840.61
2017-01-03;858.95
2017-01-04;949.00
2017-01-05;831.42
2017-01-06;742.23
2017-01-07;747.47
2017-01-08;748.58
2017-01-09;743.14
2017-01-10;746.66
2017-01-11;640.78
2017-01-12;662.53
2017-01-13;676.94
2017-01-14;673.55
2017-01-15;676.11
2017-01-16;683.92
2017-01-17;746.46
2017-01-18;726.41
2017-01-19;739.96
2017-01-20;736.34
2017-01-21;758.36
2017-01-22;759.84
2017-01-23;758.19
2017-01-24;734.07
2017-01-25;741.48
2017-01-26;755.05
2017-01-27;756.68
2017-01-28;758.17
2017-01-29;756.47
2017-01-30;757.47
2017-01-31;798.46
2017-02-01;813.73
2017-02-02;832.29
2017-02-03;846.33
2017-02-04;857.70
2017-02-05;846.00
2017-02-06;853.74
2017-02-07;873.08
2017-02-08;874.51
2017-02-09;816.87
2017-02-10;814.33
2017-02-11;826.10
2017-02-12;821.94
2017-02-13;815.30
2017-02-14;826.45
2017-02-15;828.79
2017-02-16;845.36
2017-02-17;861.55
2017-02-18;867.24
2017-02-19;861.95
2017-02-20;888.90
2017-02-21;917.48
2017-02-22;919.52
2017-02-23;966.35
2017-02-24;965.71
2017-02-25;940.44
2017-02-26;958.90
2017-02-27;969.97
2017-02-28;970.56
2017-03-01;1004.85
2017-03-02;1029.47
2017-03-03;1049.04
2017-03-04;1033.06
2017-03-05;1042.58
2017-03-06;1047.05
2017-03-07;1006.80
2017-03-08;947.59
2017-03-09;977.64
2017-03-10;918.46
2017-03-11;966.83
2017-03-12;1004.82
2017-03-13;1013.34
2017-03-14;1020.18
2017-03-15;1028.00
2017-03-16;977.80
2017-03-17;904.60
2017-03-18;800.73
2017-03-19;853.99
2017-03-20;866.54
2017-03-21;921.34
2017-03-22;863.31
2017-03-23;854.22
2017-03-24;769.37
2017-03-25;801.95
2017-03-26;793.82
2017-03-27;860.86
2017-03-28;861.76
2017-03-29;855.33
2017-03-30;844.31
2017-03-31;881.47
2017-04-01;888.73
2017-04-02;906.63
2017-04-03;939.72
2017-04-04;931.94
2017-04-05;924.97
2017-04-06;973.47
2017-04-07;967.65
2017-04-08;967.19
2017-04-09;977.39
2017-04-10;976.18
2017-04-11;991.96
2017-04-12;987.92
2017-04-13;961.73
2017-04-14;960.74
2017-04-15;964.58
2017-04-16;973.39
2017-04-17;982.28
2017-04-18;996.83
2017-04-19;995.39
2017-04-20;1011.09
2017-04-21;1004.94
2017-04-22;1013.66
2017-04-23;992.79
2017-04-24;1028.65
2017-04-25;1040.95
2017-04-26;1053.94
2017-04-27;1084.24
2017-04-28;1083.35
2017-04-29;1087.20
2017-04-30;1108.91
2017-05-01;1170.27
2017-05-02;1195.23
2017-05-03;1224.83
2017-05-04;1261.94
2017-05-05;1280.01
2017-05-06;1298.78
2017-05-07;1313.60
2017-05-08;1417.51
2017-05-09;1443.41
2017-05-10;1464.95
2017-05-11;1519.96
2017-05-12;1418.29
2017-05-13;1477.57
2017-05-14;1484.78
2017-05-15;1432.82
2017-05-16;1427.84
2017-05-17;1504.56
2017-05-18;1563.32
2017-05-19;1633.67
2017-05-20;1707.51
2017-05-21;1680.47
2017-05-22;1768.39
2017-05-23;1909.31
2017-05-24;2013.53
2017-05-25;1911.46
2017-05-26;1813.88
2017-05-27;1668.18
2017-05-28;1774.58
2017-05-29;1849.95
2017-05-30;1776.54
2017-05-31;1883.23
2017-06-01;1975.93
2017-06-02;2041.22
2017-06-03;2103.65
2017-06-04;2074.87
2017-06-05;2204.40
2017-06-06;2359.52
2017-06-07;2250.57
2017-06-08;2308.29
2017-06-09;2314.49
2017-06-10;2427.74
2017-06-11;2438.51
2017-06-12;2198.50
2017-06-13;2238.30
2017-06-14;2058.84
2017-06-15;2023.14
2017-06-16;2072.82
2017-06-17;2185.52
2017-06-18;2096.18
2017-06-19;2134.15
2017-06-20;2236.46
2017-06-21;2215.67
2017-06-22;2224.88
2017-06-23;2254.79
2017-06-24;2147.25
2017-06-25;2130.64
2017-06-26;1992.17
2017-06-27;2086.77
2017-06-28;2124.37
2017-06-29;2091.15
2017-06-30;2043.31
2017-07-01;2003.71
2017-07-02;2066.02
2017-07-03;2111.84
2017-07-04;2140.85
2017-07-05;2140.73
2017-07-06;2147.71
2017-07-07;2073.79
2017-07-08;2112.55
2017-07-09;2071.19
2017-07-10;1946.81
2017-07-11;1925.73
2017-07-12;1973.63
2017-07-13;1941.74
2017-07-14;1831.60
2017-07-15;1651.44
2017-07-16;1581.80
2017-07-17;1830.51
2017-07-18;1916.69
2017-07-19;1878.26
2017-07-20;2304.84
2017-07-21;2192.68
2017-07-22;2312.05
2017-07-23;2247.00
2017-07-24;2268.56
2017-07-25;2115.18
2017-07-26;2079.34
2017-07-27;2197.86
2017-07-28;2310.93
2017-07-29;2245.68
2017-07-30;2264.73
2017-07-31;2363.01
2017-08-01;2232.47
2017-08-02;2231.07
2017-08-03;2305.36
2017-08-04;2385.24
2017-08-05;2676.97
2017-08-06;2647.42
2017-08-07;2775.75
2017-08-08;2812.77
2017-08-09;2752.19
2017-08-10;2789.92
2017-08-11;3006.37
2017-08-12;3194.63
2017-08-13;3342.47
2017-08-14;3542.84
2017-08-15;3440.44
2017-08-16;3598.92
2017-08-17;3577.95
2017-08-18;3396.76
2017-08-19;3457.05
2017-08-20;3380.36
2017-08-21;3291.95
2017-08-22;3372.97
2017-08-23;3414.10
2017-08-24;3575.63
2017-08-25;3592.82
2017-08-26;3565.12
2017-08-27;3603.32
2017-08-28;3605.00
2017-08-29;3764.88
2017-08-30;3758.57
2017-08-31;3870.72
2017-09-01;4014.51
2017-09-02;3758.26
2017-09-03;3768.82
2017-09-04;3475.21
2017-09-05;3607.10
2017-09-06;3778.92
2017-09-07;3786.85
2017-09-08;3475.69
2017-09-09;3482.23
2017-09-10;3391.59
2017-09-11;3425.01
2017-09-12;3407.30
2017-09-13;3192.43
2017-09-14;2594.64
2017-09-15;2993.71
2017-09-16;2978.73
2017-09-17;2947.87
2017-09-18;3336.90
2017-09-19;3231.84
2017-09-20;3222.85
2017-09-21;2987.20
2017-09-22;2990.90
2017-09-23;3123.30
2017-09-24;3035.47
2017-09-25;3227.51
2017-09-26;3204.14
2017-09-27;3454.69
2017-09-28;3436.80
2017-09-29;3396.30
2017-09-30;3548.10
2017-10-01;3587.85
2017-10-02;3606.81
2017-10-03;3547.41
2017-10-04;3484.14
2017-10-05;3546.68
2017-10-06;3577.90
2017-10-07;3620.82
2017-10-08;3780.07
2017-10-09;3931.01
2017-10-10;3924.77
2017-10-11;3960.34
2017-10-12;4484.56
2017-10-13;4646.99
2017-10-14;4767.32
2017-10-15;4665.75
2017-10-16;4702.44
2017-10-17;4614.22
2017-10-18;4595.79
2017-10-19;4662.12
2017-10-20;4936.89
2017-10-21;4965.28
2017-10-22;4951.65
2017-10-23;4892.46
2017-10-24;4546.93
2017-10-25;4710.13
2017-10-26;4851.74
2017-10-27;4732.46
2017-10-28;4721.48
2017-10-29;5056.72
2017-10-30;5006.97
2017-10-31;5300.67
2017-11-01;5554.10
2017-11-02;5827.58
2017-11-03;5929.26
2017-11-04;6080.82
2017-11-05;6081.95
2017-11-06;5796.91
2017-11-07;5897.84
2017-11-08;6159.16
2017-11-09;5881.39
2017-11-10;5440.99
2017-11-11;5229.51
2017-11-12;4929.03
2017-11-13;5411.51
2017-11-14;5468.68
2017-11-15;6024.38
2017-11-16;6457.41
2017-11-17;6366.64
2017-11-18;6405.49
2017-11-19;6601.22
2017-11-20;6759.85
2017-11-21;6663.92
2017-11-22;6775.40
2017-11-23;6647.07
2017-11-24;6802.04
2017-11-25;7256.81
2017-11-26;7700.20
2017-11-27;8099.73
2017-11-28;8363.20
2017-11-29;8046.48
2017-11-30;8452.14
2017-12-01;9022.95
2017-12-02;9092.44
2017-12-03;9300.15
2017-12-04;9580.26
2017-12-05;9787.42
2017-12-06;11569.64
2017-12-07;14869.38
2017-12-08;13650.67
2017-12-09;12408.45
2017-12-10;12805.82
2017-12-11;13800.56
2017-12-12;13819.51
2017-12-13;13348.11
2017-12-14;13537.25
2017-12-15;14520.65
2017-12-16;15982.72
2017-12-17;15759.97
2017-12-18;15574.44
2017-12-19;14562.19
2017-12-20;13656.34
2017-12-21;12851.52
2017-12-22;11265.72
2017-12-23;11666.95
2017-12-24;11363.67
2017-12-25;11488.99
2017-12-26;13246.48
2017-12-27;12985.08
2017-12-28;11873.69
2017-12-29;12010.05
2017-12-30;10474.74
2017-12-31;11545.23
2018-01-01;11169.77
2018-01-02;12289.43
2018-01-03;12405.41
2018-01-04;12475.13
2018-01-05;13976.75
2018-01-06;14118.96
2018-01-07;13586.90
2018-01-08;12520.16
2018-01-09;12102.21
2018-01-10;12393.77
2018-01-11;11107.90
2018-01-12;11590.92
2018-01-13;11972.37
2018-01-14;11365.77
2018-01-15;11327.75
2018-01-16;9416.34
2018-01-17;9164.39
2018-01-18;9300.72
2018-01-19;9474.99
2018-01-20;10663.01
2018-01-21;9445.28
2018-01-22;8981.52
2018-01-23;8885.40
2018-01-24;8902.78
2018-01-25;9230.08
2018-01-26;9151.52
2018-01-27;9416.85
2018-01-28;9761.36
2018-01-29;9335.91
2018-01-30;8296.38
2018-01-31;8421.57
2018-02-01;7545.06
2018-02-02;7213.58
2018-02-03;7561.53
2018-02-04;6792.58
2018-02-05;5681.44
2018-02-06;6391.40
2018-02-07;6242.49
2018-02-08;6792.23
2018-02-09;7144.30
2018-02-10;7095.04
2018-02-11;6663.19
2018-02-12;7291.68
2018-02-13;7056.65
2018-02-14;7819.76
2018-02-15;8323.18
2018-02-16;8428.68
2018-02-17;9128.21
2018-02-18;8700.88
2018-02-19;9207.43
2018-02-20;9416.65
2018-02-21;8786.59
2018-02-22;8216.31
2018-02-23;8513.21
2018-02-24;8097.93
2018-02-25;7979.77
2018-02-26;8532.72
2018-02-27;8832.76
2018-02-28;8565.83
2018-03-01;8991.77
2018-03-02;9127.78
2018-03-03;9456.70
2018-03-04;9474.37
2018-03-05;9483.57
2018-03-06;8800.75
2018-03-07;8200.76
2018-03-08;7760.89
2018-03-09;7688.43
2018-03-10;7317.68
2018-03-11;7873.41
2018-03-12;7582.19
2018-03-13;7575.66
2018-03-14;6797.06
2018-03-15;6821.67
2018-03-16;6840.75
2018-03-17;6504.47
2018-03-18;6657.54
2018-03-19;7065.78
2018-03-20;7315.97
2018-03-21;7386.09
2018-03-22;7175.12
2018-03-23;7293.16
2018-03-24;7125.30
2018-03-25;6965.32
2018-03-26;6735.65
2018-03-27;6440.17
2018-03-28;6544.33
2018-03-29;5905.29
2018-03-30;5660.46
2018-03-31;5721.89
2018-04-01;5619.47
2018-04-02;5809.50
2018-04-03;6132.87
2018-04-04;5627.95
2018-04-05;5610.50
2018-04-06;5460.41
2018-04-07;5671.72
2018-04-08;5759.56
2018-04-09;5571.95
2018-04-10;5630.71
2018-04-11;5703.56
2018-04-12;6434.91
2018-04-13;6472.02
2018-04-14;6507.65
2018-04-15;6829.93
2018-04-16;6613.14
2018-04-17;6490.59
2018-04-18;6691.62
2018-04-19;6812.37
2018-04-20;7250.37
2018-04-21;7309.03
2018-04-22;7229.12
2018-04-23;7341.67
2018-04-24;7992.49
2018-04-25;7278.10
2018-04-26;7625.09
2018-04-27;7382.86
2018-04-28;7681.65
2018-04-29;7744.28
2018-04-30;7601.90
2018-05-01;7483.82
2018-05-02;7598.91
2018-05-03;8037.06
2018-05-04;7995.46
2018-05-05;8115.03
2018-05-06;7952.79
2018-05-07;7710.94
2018-05-08;7596.43
2018-05-09;7673.50
2018-05-10;7434.94
2018-05-11;6929.21
2018-05-12;6983.14
2018-05-13;7157.22
2018-05-14;7190.54
2018-05-15;7005.75
2018-05-16;6864.41
2018-05-17;6654.67
2018-05-18;6776.21
2018-05-19;6766.87
2018-05-20;6992.11
2018-05-21;6909.84
2018-05-22;6607.89
2018-05-23;6228.18
2018-05-24;6232.90
2018-05-25;6160.80
2018-05-26;6046.57
2018-05-27;6058.21
2018-05-28;5881.59
2018-05-29;6149.22
2018-05-30;6097.44
2018-05-31;6173.47
2018-06-01;6191.10
2018-06-02;6243.07
2018-06-03;6322.29
2018-06-04;6174.99
2018-06-05;6262.38
2018-06-06;6233.98
2018-06-07;6297.49
2018-06-08;6271.04
2018-06-09;6219.24
2018-06-10;5591.86
2018-06-11;5633.71
2018-06-12;5395.60
2018-06-13;5189.83
2018-06-14;5470.40
2018-06-15;5325.89
2018-06-16;5352.20
2018-06-17;5315.55
2018-06-18;5512.49
2018-06-19;5530.62
2018-06-20;5540.08
2018-06-21;5521.82
2018-06-22;4995.12
2018-06-23;5064.70
2018-06-24;5058.80
2018-06-25;5131.98
2018-06-26;5020.88
2018-06-27;5025.54
2018-06-28;4864.08
2018-06-29;5041.06
2018-06-30;5245.91
2018-07-01;5235.91
2018-07-02;5426.41
2018-07-03;5375.96
2018-07-04;5432.28
2018-07-05;5374.20
2018-07-06;5430.23
2018-07-07;5527.38
2018-07-08;5521.67
2018-07-09;5487.32
2018-07-10;5199.24
2018-07-11;5238.61
2018-07-12;5102.66
2018-07-13;5113.64
2018-07-14;5141.83
2018-07-15;5221.26
2018-07-16;5516.52
2018-07-17;6019.87
2018-07-18;6049.94
2018-07-19;6123.80
2018-07-20;6030.16
2018-07-21;6088.69
2018-07-22;6081.09
2018-07-23;6345.32
2018-07-24;6860.33
2018-07-25;6729.05
2018-07-26;6526.93
2018-07-27;6711.88
2018-07-28;6742.15
2018-07-29;6755.58
2018-07-30;6730.55
2018-07-31;6377.58
2018-08-01;6249.72
2018-08-02;6212.51
2018-08-03;6106.34
2018-08-04;5773.49
2018-08-05;5793.35
2018-08-06;5705.92
2018-08-07;5539.00
2018-08-08;5167.72
2018-08-09;5399.92
2018-08-10;5087.35
2018-08-11;5177.92
2018-08-12;5217.90
2018-08-13;5170.52
2018-08-14;5106.51
2018-08-15;5188.11
2018-08-16;5207.36
2018-08-17;5419.23
2018-08-18;5281.66
2018-08-19;5355.12
2018-08-20;5176.32
2018-08-21;5333.05
2018-08-22;5245.89
2018-08-23;5370.93
2018-08-24;5519.89
2018-08-25;5549.15
2018-08-26;5516.24
2018-08-27;5662.87
2018-08-28;5826.79
2018-08-29;5788.95
2018-08-30;5737.32
2018-08-31;5773.83
2018-09-01;5917.79
2018-09-02;5986.89
2018-09-03;5980.00
2018-09-04;6055.79
2018-09-05;5524.26
2018-09-06;5363.65
2018-09-07;5295.50
2018-09-08;5112.60
2018-09-09;5164.56
2018-09-10;5208.16
2018-09-11;5188.43
2018-09-12;5231.59
2018-09-13;5348.40
2018-09-14;5355.05
2018-09-15;5378.07
2018-09-16;5357.46
2018-09-17;5161.72
2018-09-18;5235.46
2018-09-19;5262.83
2018-09-20;5345.01
2018-09-21;5548.77
2018-09-22;5517.95
2018-09-23;5520.09
2018-09-24;5418.87
2018-09-25;5296.97
2018-09-26;5330.25
2018-09-27;5492.95
2018-09-28;5464.25
2018-09-29;5429.90
2018-09-30;5445.76
2018-10-01;5426.45
2018-10-02;5375.77
2018-10-03;5351.79
2018-10-04;5408.38
2018-10-05;5451.57
2018-10-06;5422.32
2018-10-07;5426.14
2018-10-08;5476.85
2018-10-09;5468.12
2018-10-10;5429.26
2018-10-11;5143.79
2018-10-12;5177.91
2018-10-13;5203.62
2018-10-14;5200.87
2018-10-15;5410.61
2018-10-16;5390.31
2018-10-17;5364.13
2018-10-18;5330.43
2018-10-19;5310.77
2018-10-20;5316.12
2018-10-21;5327.60
2018-10-22;5319.70
2018-10-23;5284.86
2018-10-24;5292.40
2018-10-25;5281.95
2018-10-26;5278.69
2018-10-27;5278.51
2018-10-28;5270.31
2018-10-29;5143.66
2018-10-30;5170.24
2018-10-31;5181.97
2018-11-01;5239.12
2018-11-02;5271.57
2018-11-03;5255.25
2018-11-04;5311.46
2018-11-05;5276.70
2018-11-06;5288.47
2018-11-07;5369.53
2018-11-08;5321.25
2018-11-09;5263.50
2018-11-10;5264.80
2018-11-11;5271.51
2018-11-12;5235.90
2018-11-13;5241.64
2018-11-14;4728.04
2018-11-15;4652.06
2018-11-16;4629.65
2018-11-17;4632.99
2018-11-18;4646.10
2018-11-19;4025.42
2018-11-20;3678.12
2018-11-21;3792.18
2018-11-22;3601.35
2018-11-23;3598.70
2018-11-24;3204.05
2018-11-25;3297.60
2018-11-26;3127.63
2018-11-27;3155.02
2018-11-28;3501.74
2018-11-29;3533.76
2018-11-30;3315.46
2018-12-01;3462.25
2018-12-02;3409.20
2018-12-03;3212.91
2018-12-04;3257.84
2018-12-05;3108.64
2018-12-06;2904.43
2018-12-07;2816.98
2018-12-08;2850.89
2018-12-09;2950.62
2018-12-10;2850.47
2018-12-11;2792.38
2018-12-12;2856.30
2018-12-13;2726.67
2018-12-14;2662.79
2018-12-15;2669.51
2018-12-16;2681.17
2018-12-17;2895.86
2018-12-18;3020.12
2018-12-19;3059.81
2018-12-20;3375.70
2018-12-21;3185.85
2018-12-22;3279.19
2018-12-23;3274.41
2018-12-24;3331.17
2018-12-25;3117.52
2018-12-26;3153.73
2018-12-27;3003.76
2018-12-28;3210.73
2018-12-29;3152.62
2018-12-30;3178.17
2018-12-31;3081.89
2019-01-01;3168.31
2019-01-02;3240.25
2019-01-03;3162.40
2019-01-04;3190.23
2019-01-05;3180.51
2019-01-06;3361.42
2019-01-07;3321.15
2019-01-08;3316.24
2019-01-09;3317.54
2019-01-10;3021.90
2019-01-11;3026.41
2019-01-12;3017.82
2019-01-13;2923.19
2019-01-14;3048.83
2019-01-15;2994.75
2019-01-16;3009.59
2019-01-17;3030.98
2019-01-18;3005.43
2019-01-19;3073.52
2019-01-20;2948.10
2019-01-21;2918.17
2019-01-22;2968.57
2019-01-23;2955.83
2019-01-24;2963.21
2019-01-25;2954.25
2019-01-26;2957.68
2019-01-27;2941.68
2019-01-28;2848.19
2019-01-29;2829.06
2019-01-30;2855.40
2019-01-31;2836.47
2019-02-01;2858.34
2019-02-02;2881.11
2019-02-03;2839.49
2019-02-04;2840.76
2019-02-05;2849.33
2019-02-06;2801.71
2019-02-07;2783.10
2019-02-08;2988.51
2019-02-09;3001.67
2019-02-10;3013.94
2019-02-11;2974.81
2019-02-12;2968.37
2019-02-13;2953.56
2019-02-14;2943.05
2019-02-15;2959.06
2019-02-16;2960.96
2019-02-17;2986.57
2019-02-18;3174.71
2019-02-19;3202.94
2019-02-20;3223.61
2019-02-21;3203.99
2019-02-22;3266.55
2019-02-23;3392.49
2019-02-24;3132.38
2019-02-25;3182.28
2019-02-26;3161.58
2019-02-27;3160.44
2019-02-28;3163.44
2019-03-01;3154.42
2019-03-02;3166.24
2019-03-03;3192.91
2019-03-04;3089.39
2019-03-05;3171.46
2019-03-06;3186.81
2019-03-07;3198.81
2019-03-08;3185.56
2019-03-09;3234.72
2019-03-10;3210.79
2019-03-11;3191.29
2019-03-12;3209.39
2019-03-13;3204.87
2019-03-14;3208.79
2019-03-15;3231.55
2019-03-16;3310.68
2019-03-17;3296.64
2019-03-18;3307.59
2019-03-19;3323.48
2019-03-20;3352.71
2019-03-21;3310.72
2019-03-22;3305.50
2019-03-23;3319.21
2019-03-24;3310.89
2019-03-25;3265.82
2019-03-26;3274.80
2019-03-27;3348.08
2019-03-28;3340.93
2019-03-29;3396.83
2019-03-30;3426.18
2019-03-31;3457.41
2019-04-01;3457.03
2019-04-02;4021.34
2019-04-03;4098.11
2019-04-04;4050.98
2019-04-05;4137.96
2019-04-06;4168.34
2019-04-07;4288.10
2019-04-08;4363.52
2019-04-09;4307.34
2019-04-10;4388.35
2019-04-11;4159.08
2019-04-12;4187.50
2019-04-13;4222.58
2019-04-14;4267.74
2019-04-15;4207.88
2019-04-16;4344.30
2019-04-17;4336.47
2019-04-18;4367.85
2019-04-19;4375.02
2019-04-20;4412.69
2019-04-21;4401.26
2019-04-22;4456.91
2019-04-23;4600.41
2019-04-24;4511.83
2019-04-25;4312.00
2019-04-26;4330.85
2019-04-27;4339.27
2019-04-28;4355.25
2019-04-29;4326.24
2019-04-30;4365.16
2019-05-01;4433.31
2019-05-02;4513.08
2019-05-03;4717.89
2019-05-04;4788.33
2019-05-05;4754.58
2019-05-06;4724.49
2019-05-07;4817.00
2019-05-08;4914.68
2019-05-09;5090.50
2019-05-10;5254.24
2019-05-11;5952.86
2019-05-12;5752.25
2019-05-13;6427.81
2019-05-14;6604.72
2019-05-15;6730.60
2019-05-16;6514.75
2019-05-17;6073.35
2019-05-18;6032.44
2019-05-19;6735.06
2019-05-20;6585.16
2019-05-21;6568.59
2019-05-22;6371.59
2019-05-23;6515.45
2019-05-24;6599.16
2019-05-25;6667.65
2019-05-26;7187.51
2019-05-27;7286.61
2019-05-28;7175.15
2019-05-29;7135.15
2019-05-30;6894.83
2019-05-31;7080.27
2019-06-01;7071.90
2019-06-02;7224.20
2019-06-03;6880.09
2019-06-04;6384.06
2019-06-05;6466.73
2019-06-06;6455.02
2019-06-07;6639.82
2019-06-08;6560.66
2019-06-09;6376.48
2019-06-10;6581.96
2019-06-11;6550.85
2019-06-12;6712.78
2019-06-13;6817.53
2019-06-14;7154.88
2019-06-15;7288.67
2019-06-16;7425.34
2019-06-17;7674.09
2019-06-18;7507.09
2019-06-19;7660.76
2019-06-20;7889.06
2019-06-21;8360.31
2019-06-22;8819.04
2019-06-23;8950.87
2019-06-24;9061.04
2019-06-25;9716.03
2019-06-26;10787.71
2019-06-27;9244.59
2019-06-28;10269.11
2019-06-29;9952.50
2019-06-30;8977.36
2019-07-01;8751.74
2019-07-02;8899.98
2019-07-03;9825.86
2019-07-04;9231.57
2019-07-05;9033.17
2019-07-06;9268.72
2019-07-07;9412.87
2019-07-08;10076.98
2019-07-09;10320.97
2019-07-10;9993.75
2019-07-11;9359.44
2019-07-12;9688.02
2019-07-13;9376.29
2019-07-14;8464.50
2019-07-15;8955.43
2019-07-16;7815.16
2019-07-17;7933.75
2019-07-18;8744.35
2019-07-19;8647.83
2019-07-20;8855.97
2019-07-21;8717.48
2019-07-22;8505.42
2019-07-23;8158.07
2019-07-24;8068.43
2019-07-25;8148.46
2019-07-26;8100.16
2019-07-27;7786.72
2019-07-28;7852.62
2019-07-29;7843.15
2019-07-30;7882.33
2019-07-31;8292.75
2019-08-01;8527.95
2019-08-02;8657.91
2019-08-03;8890.62
2019-08-04;9006.93
2019-08-05;9693.43
2019-08-06;9458.48
2019-08-07;9853.03
2019-08-08;9888.08
2019-08-09;9755.29
2019-08-10;9331.29
2019-08-11;9506.78
2019-08-12;9377.61
2019-08-13;8984.54
2019-08-14;8235.30
2019-08-15;8470.87
2019-08-16;8510.29
2019-08-17;8407.91
2019-08-18;8499.56
2019-08-19;8959.26
2019-08-20;8845.41
2019-08-21;8339.54
2019-08-22;8328.87
2019-08-23;8544.02
2019-08-24;8344.38
2019-08-25;8324.27
2019-08-26;8535.27
2019-08-27;8407.37
2019-08-28;8029.25
2019-08-29;7810.38
2019-08-30;7883.19
2019-08-31;7905.84
2019-09-01;7993.81
2019-09-02;8498.23
2019-09-03;8723.02
2019-09-04;8702.64
2019-09-05;8699.50
2019-09-06;8506.13
2019-09-07;8619.36
2019-09-08;8564.32
2019-09-09;8491.82
2019-09-10;8335.91
2019-09-11;8358.26
2019-09-12;8545.67
2019-09-13;8512.01
2019-09-14;8517.72
2019-09-15;8484.73
2019-09-16;8447.89
2019-09-17;8398.12
2019-09-18;8361.87
2019-09-19;8425.63
2019-09-20;8374.83
2019-09-21;8231.85
2019-09-22;8268.15
2019-09-23;7996.02
2019-09-24;7065.58
2019-09-25;6943.35
2019-09-26;6645.61
2019-09-27;6732.51
2019-09-28;6753.10
2019-09-29;6637.98
2019-09-30;6802.82
2019-10-01;6823.97
2019-10-02;6879.24
2019-10-03;6772.46
2019-10-04;6709.55
2019-10-05;6688.55
2019-10-06;6479.85
2019-10-07;6742.86
2019-10-08;6737.63
2019-10-09;7052.76
2019-10-10;7039.69
2019-10-11;6805.28
2019-10-12;6840.57
2019-10-13;6823.85
2019-10-14;6867.13
2019-10-15;6725.28
2019-10-16;6588.74
2019-10-17;6643.34
2019-10-18;6544.85
2019-10-19;6540.46
2019-10-20;6747.68
2019-10-21;6756.54
2019-10-22;6614.40
2019-10-23;6145.07
2019-10-24;6120.82
2019-10-25;7117.17
2019-10-26;7598.27
2019-10-27;7851.80
2019-10-28;7596.91
2019-10-29;7743.03
2019-10-30;7537.78
2019-10-31;7531.63
2019-11-01;7589.90
2019-11-02;7642.97
2019-11-03;7573.44
2019-11-04;7724.95
2019-11-05;7660.27
2019-11-06;7675.27
2019-11-07;7584.36
2019-11-08;7232.76
2019-11-09;7254.80
2019-11-10;7439.56
2019-11-11;7183.82
2019-11-12;7240.96
2019-11-13;7227.96
2019-11-14;7126.46
2019-11-15;6971.89
2019-11-16;6990.70
2019-11-17;6995.34
2019-11-18;6755.73
2019-11-19;6692.36
2019-11-20;6661.45
2019-11-21;6277.93
2019-11-22;5997.67
2019-11-23;6019.43
2019-11-24;5703.12
2019-11-25;5869.00
2019-11-26;5898.06
2019-11-27;6171.82
2019-11-28;6123.09
2019-11-29;6367.93
2019-11-30;6210.14
2019-12-01;6102.02
2019-12-02;6018.04
2019-12-03;6005.78
2019-12-04;5936.88
2019-12-05;6076.78
2019-12-06;6196.98
2019-12-07;6166.96
2019-12-08;6183.87
2019-12-09;6047.09
2019-12-10;5951.16
2019-12-11;5923.11
2019-12-12;5925.37
2019-12-13;5968.69
2019-12-14;5823.76
2019-12-15;5858.29
2019-12-16;5678.91
2019-12-17;5449.58
2019-12-18;5985.66
2019-12-19;5882.52
2019-12-20;5911.13
2019-12-21;5873.07
2019-12-22;6156.13
2019-12-23;6029.97
2019-12-24;5956.76
2019-12-25;5927.77
2019-12-26;5932.67
2019-12-27;5961.53
2019-12-28;6015.52
2019-12-29;6076.67
2019-12-30;5961.18
2019-12-31;5925.50
2020-01-01;5934.79
2020-01-02;5732.70
2020-01-03;6019.75
2020-01-04;6053.73
2020-01-05;6048.69
2020-01-06;6387.52
2020-01-07;6709.19
2020-01-08;6627.36
2020-01-09;6440.86
2020-01-10;6713.46
2020-01-11;6601.89
2020-01-12;6716.90
2020-01-13;6677.72
2020-01-14;7271.37
2020-01-15;7245.92
2020-01-16;7175.50
2020-01-17;7339.72
2020-01-18;7346.22
2020-01-19;7155.19
2020-01-20;7107.35
2020-01-21;7196.35
2020-01-22;7135.00
2020-01-23;6903.66
2020-01-24;6943.71
2020-01-25;6882.77
2020-01-26;7067.70
2020-01-27;7318.29
2020-01-28;7679.64
2020-01-29;7655.03
2020-01-30;7818.21
2020-01-31;7680.71
2020-02-01;7721.82
2020-02-02;7683.54
2020-02-03;7652.93
2020-02-04;7558.08
2020-02-05;7899.69
2020-02-06;8024.55
2020-02-07;8079.02
2020-02-08;8144.52
2020-02-09;8332.79
2020-02-10;8119.45
2020-02-11;8415.84
2020-02-12;8496.34
2020-02-13;8412.31
2020-02-14;8496.30
2020-02-15;8147.13
2020-02-16;8201.55
2020-02-17;7989.93
2020-02-18;8346.07
2020-02-19;7915.70
2020-02-20;7907.98
2020-02-21;7966.45
2020-02-22;7953.34
2020-02-23;8164.06
2020-02-24;7950.75
2020-02-25;7699.02
2020-02-26;7263.95
2020-02-27;7219.56
2020-02-28;7183.38
2020-02-29;7049.98
2020-03-01;7040.14
2020-03-02;7321.97
2020-03-03;7217.00
2020-03-04;7198.09
2020-03-05;7446.25
2020-03-06;7510.52
2020-03-07;7321.04
2020-03-08;6616.65
2020-03-09;6512.12
2020-03-10;6499.90
2020-03-11;6525.01
2020-03-12;3886.69
2020-03-13;4540.12
2020-03-14;4288.65
2020-03-15;4427.49
2020-03-16;4132.01
2020-03-17;4411.51
2020-03-18;4414.19
2020-03-19;5067.75
2020-03-20;5094.33
2020-03-21;5059.36
2020-03-22;4807.09
2020-03-23;5320.69
2020-03-24;5541.65
2020-03-25;5496.64
2020-03-26;5541.86
2020-03-27;5246.89
2020-03-28;5133.43
2020-03-29;4868.08
2020-03-30;5285.00
2020-03-31;5290.91
2020-04-01;5428.32
2020-04-02;5600.41
2020-04-03;5539.76
2020-04-04;5633.53
2020-04-05;5585.82
2020-04-06;5988.47
2020-04-07;5922.33
2020-04-08;6048.66
2020-04-09;6000.33
2020-04-10;5643.49
2020-04-11;5651.52
2020-04-12;5740.07
2020-04-13;5625.05
2020-04-14;5640.49
2020-04-15;5460.82
2020-04-16;5831.86
2020-04-17;5787.22
2020-04-18;5950.62
2020-04-19;5868.34
2020-04-20;5640.98
2020-04-21;5636.23
2020-04-22;5846.46
2020-04-23;6141.26
2020-04-24;6167.97
2020-04-25;6199.16
2020-04-26;6306.57
2020-04-27;6389.55
2020-04-28;6379.29
2020-04-29;7206.56
2020-04-30;7081.13
2020-05-01;7266.77
2020-05-02;7383.55
2020-05-03;7317.27
2020-05-04;7308.18
2020-05-05;7377.85
2020-05-06;7567.28
2020-05-07;8200.62
2020-05-08;8081.15
2020-05-09;7873.11
2020-05-10;7194.52
2020-05-11;7070.05
2020-05-12;7233.11
2020-05-13;7653.37
2020-05-14;8039.75
2020-05-15;7646.02
2020-05-16;7717.20
2020-05-17;7953.39
2020-05-18;8007.81
2020-05-19;8030.39
2020-05-20;7835.62
2020-05-21;7464.80
2020-05-22;7536.39
2020-05-23;7552.70
2020-05-24;7232.89
2020-05-25;7319.62
2020-05-26;7281.07
2020-05-27;7540.04
2020-05-28;7845.27
2020-05-29;7748.17
2020-05-30;7974.75
2020-05-31;7774.27
2020-06-01;8373.11
2020-06-02;7847.38
2020-06-03;7941.09
2020-06-04;8065.61
2020-06-05;7932.27
2020-06-06;7949.06
2020-06-07;8015.08
2020-06-08;8040.36
2020-06-09;8037.54
2020-06-10;8115.44
2020-06-11;7662.81
2020-06-12;7782.92
2020-06-13;7785.76
2020-06-14;7694.46
2020-06-15;7751.07
2020-06-16;7832.37
2020-06-17;7785.41
2020-06-18;7734.53
2020-06-19;7655.84
2020-06-20;7691.28
2020-06-21;7642.67
2020-06-22;7968.41
2020-06-23;7910.08
2020-06-24;7642.18
2020-06-25;7613.76
2020-06-26;7540.34
2020-06-27;7415.88
2020-06-28;7501.35
2020-06-29;7552.39
2020-06-30;7523.93
2020-07-01;7589.83
2020-07-02;7473.33
2020-07-03;7458.13
2020-07-04;7509.09
2020-07-05;7464.05
2020-07-06;7685.98
2020-07-07;7611.79
2020-07-08;7749.99
2020-07-09;7601.92
2020-07-10;7633.25
2020-07-11;7594.48
2020-07-12;7640.06
2020-07-13;7607.47
2020-07-14;7613.31
2020-07-15;7574.28
2020-07-16;7517.08
2020-07-17;7532.33
2020-07-18;7544.69
2020-07-19;7575.15
2020-07-20;7539.16
2020-07-21;7721.06
2020-07-22;7831.07
2020-07-23;7892.00
2020-07-24;7852.58
2020-07-25;7968.64
2020-07-26;8158.88
2020-07-27;9046.70
2020-07-28;8963.77
2020-07-29;9109.85
2020-07-30;9139.41
2020-07-31;9324.81
2020-08-01;9708.02
2020-08-02;9110.11
2020-08-03;9252.14
2020-08-04;9209.61
2020-08-05;9652.52
2020-08-06;9691.48
2020-08-07;9529.31
2020-08-08;9648.95
2020-08-09;9582.72
2020-08-10;9763.53
2020-08-11;9374.85
2020-08-12;9524.09
2020-08-13;9677.27
2020-08-14;9660.70
2020-08-15;9761.49
2020-08-16;9783.95
2020-08-17;10107.47
2020-08-18;9840.97
2020-08-19;9652.09
2020-08-20;9762.49
2020-08-21;9486.33
2020-08-22;9609.93
2020-08-23;9587.10
2020-08-24;9677.89
2020-08-25;9347.00
2020-08-26;9430.92
2020-08-27;9305.60
2020-08-28;9458.29
2020-08-29;9448.64
2020-08-30;9623.62
2020-08-31;9589.23
2020-09-01;9807.87
2020-09-02;9377.92
2020-09-03;8404.29
2020-09-04;8616.42
2020-09-05;8333.64
2020-09-06;8438.48
2020-09-07;8520.11
2020-09-08;8319.17
2020-09-09;8403.05
2020-09-10;8502.17
2020-09-11;8535.19
2020-09-12;8587.51
2020-09-13;8486.56
2020-09-14;8774.04
2020-09-15;8871.03
2020-09-16;9005.88
2020-09-17;8995.60
2020-09-18;8981.24
2020-09-19;9112.77
2020-09-20;8979.36
2020-09-21;8578.87
2020-09-22;8664.00
2020-09-23;8416.95
2020-09-24;8828.69
2020-09-25;8789.08
2020-09-26;8835.44
2020-09-27;8857.47
2020-09-28;8804.78
2020-09-29;8917.89
2020-09-30;8857.71
2020-10-01;8732.24
2020-10-02;8692.91
2020-10-03;8672.20
2020-10-04;8774.53
2020-10-05;8872.40
2020-10-06;8724.13
2020-10-07;8774.16
2020-10-08;8966.09
2020-10-09;9104.00
2020-10-10;9292.24
2020-10-11;9359.24
2020-10-12;9497.21
2020-10-13;9397.94
2020-10-14;9400.32
2020-10-15;9454.82
2020-10-16;9306.77
2020-10-17;9352.70
2020-10-18;9452.68
2020-10-19;9665.23
2020-10-20;9798.39
2020-10-21;10537.62
2020-10-22;10660.81
2020-10-23;10636.53
2020-10-24;10791.32
2020-10-25;10712.04
2020-10-26;10748.84
2020-10-27;11230.94
2020-10-28;10921.56
2020-10-29;11059.81
2020-10-30;11162.90
2020-10-31;11349.39
2020-11-01;11299.60
2020-11-02;11169.59
2020-11-03;11495.60
2020-11-04;11626.99
2020-11-05;12799.79
2020-11-06;12790.35
2020-11-07;12193.84
2020-11-08;12750.88
2020-11-09;12608.62
2020-11-10;12570.78
2020-11-11;12905.88
2020-11-12;13392.73
2020-11-13;13423.06
2020-11-14;13231.75
2020-11-15;13131.18
2020-11-16;13759.52
2020-11-17;14548.19
2020-11-18;14666.72
2020-11-19;14648.98
2020-11-20;15335.93
2020-11-21;15391.69
2020-11-22;15148.56
2020-11-23;15116.41
2020-11-24;15731.01
2020-11-25;15441.99
2020-11-26;14045.57
2020-11-27;14048.89
2020-11-28;14567.90
2020-11-29;14941.73
2020-11-30;16224.92
2020-12-01;15511.79
2020-12-02;15796.63
2020-12-03;15983.11
2020-12-04;15414.83
2020-12-05;15736.06
2020-12-06;15908.03
2020-12-07;15787.38
2020-12-08;15075.77
2020-12-09;15277.28
2020-12-10;15023.80
2020-12-11;14859.46
2020-12-12;15470.45
2020-12-13;15770.35
2020-12-14;15853.78
2020-12-15;15988.15
2020-12-16;17578.42
2020-12-17;18776.55
2020-12-18;19015.57
2020-12-19;19616.60
2020-12-20;19346.62
2020-12-21;18824.84
2020-12-22;19581.29
2020-12-23;19137.15
2020-12-24;19524.84
2020-12-25;20280.90
2020-12-26;21757.57
2020-12-27;21658.44
2020-12-28;22333.77
2020-12-29;22535.47
2020-12-30;23701.61
2020-12-31;23839.78
2021-01-01;24104.87
2021-01-02;26402.69
2021-01-03;27047.96
2021-01-04;26304.44
2021-01-05;27942.68
2021-01-06;30360.60
2021-01-07;32490.46
2021-01-08;33486.04
2021-01-09;33013.58
2021-01-10;31508.08
2021-01-11;29262.73
2021-01-12;27929.71
2021-01-13;30735.01
2021-01-14;32335.43
2021-01-15;30175.27
2021-01-16;29763.30
2021-01-17;29441.00
2021-01-18;30204.80
2021-01-19;29762.73
2021-01-20;29317.34
2021-01-21;25415.09
2021-01-22;27013.84
2021-01-23;26363.68
2021-01-24;26541.30
2021-01-25;26550.38
2021-01-26;26801.29
2021-01-27;24931.79
2021-01-28;27245.38
2021-01-29;28169.76
2021-01-30;28245.38
2021-01-31;27260.65
2021-02-01;27571.05
2021-02-02;29211.23
2021-02-03;30893.47
2021-02-04;30388.42
2021-02-05;31217.63
2021-02-06;32242.32
2021-02-07;31993.15
2021-02-08;38029.09
2021-02-09;38264.40
2021-02-10;36911.06
2021-02-11;39226.04
2021-02-12;39178.44
2021-02-13;38712.96
2021-02-14;40042.89
2021-02-15;39474.12
2021-02-16;40526.40
2021-02-17;42884.68
2021-02-18;42497.39
2021-02-19;45901.92
2021-02-20;46077.67
2021-02-21;47195.83
2021-02-22;44551.48
2021-02-23;39912.12
2021-02-24;40786.87
2021-02-25;38972.61
2021-02-26;38012.44
2021-02-27;38010.02
2021-02-28;37009.98
2021-03-01;40770.64
2021-03-02;39691.00
2021-03-03;41622.65
2021-03-04;39919.85
2021-03-05;40230.94
2021-03-06;40216.86
2021-03-07;42293.67
2021-03-08;43048.60
2021-03-09;45049.86
2021-03-10;46069.40
2021-03-11;47414.46
2021-03-12;47121.96
2021-03-13;50429.03
2021-03-14;48851.13
2021-03-15;45843.34
2021-03-16;46445.58
2021-03-17;48301.55
2021-03-18;47458.74
2021-03-19;47791.19
2021-03-20;47896.65
2021-03-21;47215.79
2021-03-22;44630.73
2021-03-23;44918.65
2021-03-24;43260.79
2021-03-25;42296.11
2021-03-26;45250.03
2021-03-27;46002.88
2021-03-28;45956.87
2021-03-29;47440.09
2021-03-30;48286.71
2021-03-31;48307.70
2021-04-01;48337.45
2021-04-02;48508.33
2021-04-03;47007.59
2021-04-04;47892.85
2021-04-05;48355.65
2021-04-06;47792.52
2021-04-07;46130.88
2021-04-08;47732.17
2021-04-09;47846.98
2021-04-10;49153.40
2021-04-11;49376.23
2021-04-12;49312.26
2021-04-13;52264.02
2021-04-14;51524.01
2021-04-15;51979.91
2021-04-16;50599.14
2021-04-17;49425.58
2021-04-18;46100.98
2021-04-19;45785.17
2021-04-20;46369.58
2021-04-21;44334.02
2021-04-22;42651.09
2021-04-23;41973.49
2021-04-24;41140.67
2021-04-25;40301.50
2021-04-26;44387.56
2021-04-27;45185.24
2021-04-28;45055.69
2021-04-29;44104.57
2021-04-30;47517.25
2021-05-01;47545.94
2021-05-02;46534.24
2021-05-03;47067.05
2021-05-04;43873.36
2021-05-05;47171.49
2021-05-06;46469.02
2021-05-07;47172.47
2021-05-08;48300.88
2021-05-09;47855.44
2021-05-10;45883.10
2021-05-11;46664.28
2021-05-12;41531.21
2021-05-13;40851.00
2021-05-14;41039.65
2021-05-15;38490.71
2021-05-16;38168.58
2021-05-17;35861.66
2021-05-18;35387.40
2021-05-19;30247.87
2021-05-20;33180.40
2021-05-21;30463.65
2021-05-22;30718.86
2021-05-23;28493.98
2021-05-24;31698.46
2021-05-25;31246.11
2021-05-26;31990.13
2021-05-27;31560.13
2021-05-28;29254.85
2021-05-29;28313.35
2021-05-30;29211.39
2021-05-31;30601.96
2021-06-01;29924.29
2021-06-02;30792.85
2021-06-03;32066.71
2021-06-04;30419.49
2021-06-05;29267.26
2021-06-06;29490.62
2021-06-07;27571.39
2021-06-08;27365.93
2021-06-09;30678.93
2021-06-10;30265.97
2021-06-11;30560.54
2021-06-12;29195.17
2021-06-13;32031.06
2021-06-14;33442.88
2021-06-15;33166.31
2021-06-16;31573.94
2021-06-17;31746.67
2021-06-18;29984.30
2021-06-19;29911.67
2021-06-20;29923.42
2021-06-21;26618.58
2021-06-22;27170.48
2021-06-23;28186.95
2021-06-24;28978.05
2021-06-25;26578.48
2021-06-26;26704.21
2021-06-27;28984.11
2021-06-28;28838.19
2021-06-29;30044.68
2021-06-30;29457.41
2021-07-01;28362.70
2021-07-02;28571.09
2021-07-03;29290.31
2021-07-04;29808.61
2021-07-05;28564.78
2021-07-06;28748.80
2021-07-07;28584.57
2021-07-08;27769.46
2021-07-09;28519.58
2021-07-10;28318.71
2021-07-11;28907.83
2021-07-12;27996.98
2021-07-13;27615.38
2021-07-14;27834.37
2021-07-15;26738.86
2021-07-16;26571.71
2021-07-17;26727.49
2021-07-18;26933.21
2021-07-19;26114.76
2021-07-20;25233.51
2021-07-21;27276.56
2021-07-22;27422.83
2021-07-23;28460.66
2021-07-24;29060.35
2021-07-25;29922.52
2021-07-26;31605.91
2021-07-27;33185.78
2021-07-28;33831.99
2021-07-29;33761.72
2021-07-30;35394.77
2021-07-31;35063.48
2021-08-01;33734.97
2021-08-02;32993.06
2021-08-03;32215.69
2021-08-04;33925.51
2021-08-05;34895.29
2021-08-06;36429.25
2021-08-07;38111.70
2021-08-08;37344.34
2021-08-09;39520.95
2021-08-10;38771.15
2021-08-11;38968.37
2021-08-12;37842.26
2021-08-13;40728.48
2021-08-14;40092.84
2021-08-15;40095.40
2021-08-16;38921.79
2021-08-17;37835.47
2021-08-18;38306.57
2021-08-19;39875.08
2021-08-20;42196.36
2021-08-21;41964.27
2021-08-22;42156.11
2021-08-23;42304.59
2021-08-24;40643.60
2021-08-25;41640.11
2021-08-26;40028.37
2021-08-27;41684.49
2021-08-28;41563.71
2021-08-29;41574.77
2021-08-30;39851.65
2021-08-31;40031.70
2021-09-01;41273.37
2021-09-02;41651.36
2021-09-03;42089.91
2021-09-04;42078.12
2021-09-05;43530.57
2021-09-06;44286.78
2021-09-07;39479.35
2021-09-08;38816.84
2021-09-09;39190.80
2021-09-10;37910.79
2021-09-11;38133.19
2021-09-12;38946.65
2021-09-13;38088.55
2021-09-14;39801.22
2021-09-15;40739.59
2021-09-16;40453.47
2021-09-17;40108.88
2021-09-18;40969.72
2021-09-19;40112.28
2021-09-20;36629.37
2021-09-21;34558.66
2021-09-22;37175.04
2021-09-23;38368.54
2021-09-24;36411.46
2021-09-25;36386.76
2021-09-26;36804.98
2021-09-27;36063.99
2021-09-28;34974.52
2021-09-29;35549.20
2021-09-30;37751.69
2021-10-01;41539.66
2021-10-02;41220.86
2021-10-03;41594.96
2021-10-04;42367.45
2021-10-05;44364.78
2021-10-06;47761.83
2021-10-07;46566.31
2021-10-08;46621.21
2021-10-09;47667.08
2021-10-10;47310.67
2021-10-11;49627.18
2021-10-12;48334.98
2021-10-13;49276.25
2021-10-14;49265.93
2021-10-15;52727.79
2021-10-16;52496.88
2021-10-17;52905.09
2021-10-18;53218.24
2021-10-19;55033.98
2021-10-20;56917.55
2021-10-21;53520.20
2021-10-22;52136.74
2021-10-23;52481.83
2021-10-24;52487.39
2021-10-25;54114.70
2021-10-26;52013.06
2021-10-27;50594.75
2021-10-28;52102.05
2021-10-29;53254.09
2021-10-30;52775.64
2021-10-31;52500.90
2021-11-01;52839.57
2021-11-02;54464.04
2021-11-03;54355.87
2021-11-04;52831.72
2021-11-05;52811.90
2021-11-06;53149.41
2021-11-07;54675.97
2021-11-08;58211.99
2021-11-09;58117.30
2021-11-10;55931.76
2021-11-11;56416.80
2021-11-12;56166.28
2021-11-13;56302.52
2021-11-14;56987.19
2021-11-15;55687.77
2021-11-16;52953.95
2021-11-17;53297.45
2021-11-18;50126.40
2021-11-19;51059.87
2021-11-20;52615.05
2021-11-21;51617.55
2021-11-22;49992.28
2021-11-23;51300.69
2021-11-24;50781.11
2021-11-25;52581.55
2021-11-26;47873.12
2021-11-27;48607.31
2021-11-28;50990.98
2021-11-29;51248.63
2021-11-30;50498.34
2021-12-01;50460.31
2021-12-02;49830.73
2021-12-03;47503.98
2021-12-04;43351.40
2021-12-05;43531.83
2021-12-06;44629.71
2021-12-07;44796.17
2021-12-08;44757.68
2021-12-09;42161.76
2021-12-10;41699.02
2021-12-11;43641.77
2021-12-12;44377.60
2021-12-13;41324.88
2021-12-14;42882.80
2021-12-15;43322.86
2021-12-16;42254.91
2021-12-17;40854.45
2021-12-18;41353.82
2021-12-19;41190.60
2021-12-20;41693.27
2021-12-21;43395.18
2021-12-22;43099.62
2021-12-23;44837.62
2021-12-24;44822.53
2021-12-25;44697.17
2021-12-26;44847.25
2021-12-27;44726.98
2021-12-28;42045.78
2021-12-29;41015.38
2021-12-30;41514.42
2021-12-31;40887.31
2022-01-01;41981.35
2022-01-02;41778.26
2022-01-03;40817.83
2022-01-04;40597.26
2022-01-05;38578.01
2022-01-06;38112.87
2022-01-07;36747.31
2022-01-08;36959.76
2022-01-09;37073.07
2022-01-10;36803.02
2022-01-11;37543.73
2022-01-12;38622.34
2022-01-13;37214.91
2022-01-14;37591.47
2022-01-15;37657.81
2022-01-16;37622.89
2022-01-17;36981.96
2022-01-18;37116.46
